2025-04-30 11:18:50,318 CRIT Supervisor is running as root.  Privileges were not dropped because no user is specified in the config file.  If you intend to run as root, you can set user=root in the config file to avoid this message.
2025-04-30 11:18:50,319 INFO supervisord started with pid 1
2025-04-30 11:18:51,328 INFO spawned: 'flask_app' with pid 7
2025-04-30 11:18:51,329 INFO spawned: 'tracker' with pid 8
2025-04-30 11:18:51,348 WARN exited: flask_app (exit status 1; not expected)
2025-04-30 11:18:51,424 WARN exited: tracker (exit status 1; not expected)
2025-04-30 11:18:52,426 INFO spawned: 'flask_app' with pid 9
2025-04-30 11:18:52,427 INFO spawned: 'tracker' with pid 10
2025-04-30 11:18:52,437 WARN exited: flask_app (exit status 1; not expected)
2025-04-30 11:18:52,449 WARN exited: tracker (exit status 1; not expected)
2025-04-30 11:18:54,452 INFO spawned: 'flask_app' with pid 11
2025-04-30 11:18:54,453 INFO spawned: 'tracker' with pid 12
2025-04-30 11:18:54,463 WARN exited: flask_app (exit status 1; not expected)
2025-04-30 11:18:54,475 WARN exited: tracker (exit status 1; not expected)
2025-04-30 11:18:57,479 INFO spawned: 'flask_app' with pid 13
2025-04-30 11:18:57,480 INFO spawned: 'tracker' with pid 14
2025-04-30 11:18:57,498 WARN exited: flask_app (exit status 1; not expected)
2025-04-30 11:18:57,506 INFO gave up: flask_app entered FATAL state, too many start retries too quickly
2025-04-30 11:18:57,509 WARN exited: tracker (exit status 1; not expected)
2025-04-30 11:18:58,509 INFO gave up: tracker entered FATAL state, too many start retries too quickly
2025-04-30 11:39:10,797 WARN received SIGTERM indicating exit request
2025-04-30 11:39:12,771 CRIT Supervisor is running as root.  Privileges were not dropped because no user is specified in the config file.  If you intend to run as root, you can set user=root in the config file to avoid this message.
2025-04-30 11:39:12,772 INFO supervisord started with pid 1
2025-04-30 11:39:13,780 INFO spawned: 'flask_app' with pid 7
2025-04-30 11:39:13,783 INFO spawned: 'tracker' with pid 8
2025-04-30 11:39:13,798 WARN exited: flask_app (exit status 1; not expected)
2025-04-30 11:39:13,872 WARN exited: tracker (exit status 1; not expected)
2025-04-30 11:39:14,877 INFO spawned: 'flask_app' with pid 9
2025-04-30 11:39:14,879 INFO spawned: 'tracker' with pid 10
2025-04-30 11:39:14,888 WARN exited: flask_app (exit status 1; not expected)
2025-04-30 11:39:14,903 WARN exited: tracker (exit status 1; not expected)
2025-04-30 11:39:16,908 INFO spawned: 'flask_app' with pid 17
2025-04-30 11:39:16,911 INFO spawned: 'tracker' with pid 18
2025-04-30 11:39:16,920 WARN exited: flask_app (exit status 1; not expected)
2025-04-30 11:39:16,933 WARN exited: tracker (exit status 1; not expected)
2025-04-30 11:39:19,939 INFO spawned: 'flask_app' with pid 19
2025-04-30 11:39:19,943 INFO spawned: 'tracker' with pid 20
2025-04-30 11:39:19,986 WARN exited: flask_app (exit status 1; not expected)
2025-04-30 11:39:20,002 INFO gave up: flask_app entered FATAL state, too many start retries too quickly
2025-04-30 11:39:20,006 WARN exited: tracker (exit status 1; not expected)
2025-04-30 11:39:21,007 INFO gave up: tracker entered FATAL state, too many start retries too quickly
2025-04-30 12:03:09,657 WARN received SIGTERM indicating exit request
2025-04-30 12:03:10,762 CRIT Supervisor is running as root.  Privileges were not dropped because no user is specified in the config file.  If you intend to run as root, you can set user=root in the config file to avoid this message.
2025-04-30 12:03:10,763 INFO supervisord started with pid 1
2025-04-30 12:03:11,768 INFO spawned: 'flask_app' with pid 7
2025-04-30 12:03:11,772 INFO spawned: 'tracker' with pid 8
2025-04-30 12:03:11,802 WARN exited: tracker (exit status 1; not expected)
2025-04-30 12:03:12,890 INFO success: flask_app entered RUNNING state, process has stayed up for > than 1 seconds (startsecs)
2025-04-30 12:03:12,894 INFO spawned: 'tracker' with pid 9
2025-04-30 12:03:13,896 INFO success: tracker entered RUNNING state, process has stayed up for > than 1 seconds (startsecs)
2025-04-30 12:12:24,705 WARN received SIGTERM indicating exit request
2025-04-30 12:12:24,706 INFO waiting for flask_app, tracker to die
2025-04-30 12:12:24,708 WARN stopped: tracker (terminated by SIGTERM)
2025-04-30 12:12:24,713 WARN stopped: flask_app (terminated by SIGTERM)
2025-04-30 12:12:25,659 CRIT Supervisor is running as root.  Privileges were not dropped because no user is specified in the config file.  If you intend to run as root, you can set user=root in the config file to avoid this message.
2025-04-30 12:12:25,660 INFO supervisord started with pid 1
2025-04-30 12:12:26,665 INFO spawned: 'flask_app' with pid 7
2025-04-30 12:12:26,667 INFO spawned: 'tracker' with pid 8
2025-04-30 12:12:27,781 INFO success: flask_app entered RUNNING state, process has stayed up for > than 1 seconds (startsecs)
2025-04-30 12:12:27,781 INFO success: tracker entered RUNNING state, process has stayed up for > than 1 seconds (startsecs)
2025-04-30 12:15:22,990 WARN received SIGTERM indicating exit request
2025-04-30 12:15:22,990 INFO waiting for flask_app, tracker to die
2025-04-30 12:15:22,992 WARN stopped: tracker (terminated by SIGTERM)
2025-04-30 12:15:22,997 WARN stopped: flask_app (terminated by SIGTERM)
2025-04-30 12:15:25,876 CRIT Supervisor is running as root.  Privileges were not dropped because no user is specified in the config file.  If you intend to run as root, you can set user=root in the config file to avoid this message.
2025-04-30 12:15:25,877 INFO supervisord started with pid 1
2025-04-30 12:15:26,882 INFO spawned: 'flask_app' with pid 7
2025-04-30 12:15:26,886 INFO spawned: 'tracker' with pid 8
2025-04-30 12:15:26,906 CRIT uncaptured python exception, closing channel <POutputDispatcher at 140099572530576 for <Subprocess at 140099571269968 with name flask_app in state STARTING> (stderr)> (<class 'OSError'>:[Errno 29] Illegal seek [/usr/lib/python3/dist-packages/supervisor/supervisord.py|runforever|218] [/usr/lib/python3/dist-packages/supervisor/dispatchers.py|handle_read_event|276] [/usr/lib/python3/dist-packages/supervisor/dispatchers.py|record_output|210] [/usr/lib/python3/dist-packages/supervisor/dispatchers.py|_log|179] [/usr/lib/python3/dist-packages/supervisor/loggers.py|info|327] [/usr/lib/python3/dist-packages/supervisor/loggers.py|log|345] [/usr/lib/python3/dist-packages/supervisor/loggers.py|emit|227] [/usr/lib/python3/dist-packages/supervisor/loggers.py|doRollover|264])
2025-04-30 12:15:26,907 WARN exited: flask_app (exit status 1; not expected)
2025-04-30 12:15:27,912 INFO spawned: 'flask_app' with pid 9
2025-04-30 12:15:27,913 INFO success: tracker entered RUNNING state, process has stayed up for > than 1 seconds (startsecs)
2025-04-30 12:15:27,925 CRIT uncaptured python exception, closing channel <POutputDispatcher at 140099570015760 for <Subprocess at 140099571269968 with name flask_app in state STARTING> (stderr)> (<class 'OSError'>:[Errno 29] Illegal seek [/usr/lib/python3/dist-packages/supervisor/supervisord.py|runforever|218] [/usr/lib/python3/dist-packages/supervisor/dispatchers.py|handle_read_event|276] [/usr/lib/python3/dist-packages/supervisor/dispatchers.py|record_output|210] [/usr/lib/python3/dist-packages/supervisor/dispatchers.py|_log|179] [/usr/lib/python3/dist-packages/supervisor/loggers.py|info|327] [/usr/lib/python3/dist-packages/supervisor/loggers.py|log|345] [/usr/lib/python3/dist-packages/supervisor/loggers.py|emit|227] [/usr/lib/python3/dist-packages/supervisor/loggers.py|doRollover|264])
2025-04-30 12:15:27,925 CRIT uncaptured python exception, closing channel <POutputDispatcher at 140099570015760 for <Subprocess at 140099571269968 with name flask_app in state STARTING> (stderr)> (<class 'OSError'>:[Errno 29] Illegal seek [/usr/lib/python3/dist-packages/supervisor/supervisord.py|runforever|218] [/usr/lib/python3/dist-packages/supervisor/dispatchers.py|handle_read_event|276] [/usr/lib/python3/dist-packages/supervisor/dispatchers.py|record_output|210] [/usr/lib/python3/dist-packages/supervisor/dispatchers.py|_log|179] [/usr/lib/python3/dist-packages/supervisor/loggers.py|info|327] [/usr/lib/python3/dist-packages/supervisor/loggers.py|log|345] [/usr/lib/python3/dist-packages/supervisor/loggers.py|emit|227] [/usr/lib/python3/dist-packages/supervisor/loggers.py|doRollover|264])
2025-04-30 12:15:27,927 WARN exited: flask_app (exit status 1; not expected)
2025-04-30 12:15:29,933 INFO spawned: 'flask_app' with pid 10
2025-04-30 12:15:29,945 CRIT uncaptured python exception, closing channel <POutputDispatcher at 140099572514960 for <Subprocess at 140099571269968 with name flask_app in state STARTING> (stderr)> (<class 'OSError'>:[Errno 29] Illegal seek [/usr/lib/python3/dist-packages/supervisor/supervisord.py|runforever|218] [/usr/lib/python3/dist-packages/supervisor/dispatchers.py|handle_read_event|276] [/usr/lib/python3/dist-packages/supervisor/dispatchers.py|record_output|210] [/usr/lib/python3/dist-packages/supervisor/dispatchers.py|_log|179] [/usr/lib/python3/dist-packages/supervisor/loggers.py|info|327] [/usr/lib/python3/dist-packages/supervisor/loggers.py|log|345] [/usr/lib/python3/dist-packages/supervisor/loggers.py|emit|227] [/usr/lib/python3/dist-packages/supervisor/loggers.py|doRollover|264])
2025-04-30 12:15:29,945 CRIT uncaptured python exception, closing channel <POutputDispatcher at 140099572514960 for <Subprocess at 140099571269968 with name flask_app in state STARTING> (stderr)> (<class 'OSError'>:[Errno 29] Illegal seek [/usr/lib/python3/dist-packages/supervisor/supervisord.py|runforever|218] [/usr/lib/python3/dist-packages/supervisor/dispatchers.py|handle_read_event|276] [/usr/lib/python3/dist-packages/supervisor/dispatchers.py|record_output|210] [/usr/lib/python3/dist-packages/supervisor/dispatchers.py|_log|179] [/usr/lib/python3/dist-packages/supervisor/loggers.py|info|327] [/usr/lib/python3/dist-packages/supervisor/loggers.py|log|345] [/usr/lib/python3/dist-packages/supervisor/loggers.py|emit|227] [/usr/lib/python3/dist-packages/supervisor/loggers.py|doRollover|264])
2025-04-30 12:15:29,947 WARN exited: flask_app (exit status 1; not expected)
2025-04-30 12:15:32,954 INFO spawned: 'flask_app' with pid 11
2025-04-30 12:15:32,967 CRIT uncaptured python exception, closing channel <POutputDispatcher at 140099572646224 for <Subprocess at 140099571269968 with name flask_app in state STARTING> (stderr)> (<class 'OSError'>:[Errno 29] Illegal seek [/usr/lib/python3/dist-packages/supervisor/supervisord.py|runforever|218] [/usr/lib/python3/dist-packages/supervisor/dispatchers.py|handle_read_event|276] [/usr/lib/python3/dist-packages/supervisor/dispatchers.py|record_output|210] [/usr/lib/python3/dist-packages/supervisor/dispatchers.py|_log|179] [/usr/lib/python3/dist-packages/supervisor/loggers.py|info|327] [/usr/lib/python3/dist-packages/supervisor/loggers.py|log|345] [/usr/lib/python3/dist-packages/supervisor/loggers.py|emit|227] [/usr/lib/python3/dist-packages/supervisor/loggers.py|doRollover|264])
2025-04-30 12:15:32,967 CRIT uncaptured python exception, closing channel <POutputDispatcher at 140099572646224 for <Subprocess at 140099571269968 with name flask_app in state STARTING> (stderr)> (<class 'OSError'>:[Errno 29] Illegal seek [/usr/lib/python3/dist-packages/supervisor/supervisord.py|runforever|218] [/usr/lib/python3/dist-packages/supervisor/dispatchers.py|handle_read_event|276] [/usr/lib/python3/dist-packages/supervisor/dispatchers.py|record_output|210] [/usr/lib/python3/dist-packages/supervisor/dispatchers.py|_log|179] [/usr/lib/python3/dist-packages/supervisor/loggers.py|info|327] [/usr/lib/python3/dist-packages/supervisor/loggers.py|log|345] [/usr/lib/python3/dist-packages/supervisor/loggers.py|emit|227] [/usr/lib/python3/dist-packages/supervisor/loggers.py|doRollover|264])
2025-04-30 12:15:32,969 WARN exited: flask_app (exit status 1; not expected)
2025-04-30 12:15:33,970 INFO gave up: flask_app entered FATAL state, too many start retries too quickly
2025-04-30 12:16:33,042 WARN received SIGTERM indicating exit request
2025-04-30 12:16:33,042 INFO waiting for tracker to die
2025-04-30 12:16:33,045 WARN stopped: tracker (terminated by SIGTERM)
2025-04-30 12:16:34,789 CRIT Supervisor is running as root.  Privileges were not dropped because no user is specified in the config file.  If you intend to run as root, you can set user=root in the config file to avoid this message.
2025-04-30 12:16:34,791 INFO supervisord started with pid 1
2025-04-30 12:16:35,795 INFO spawned: 'flask_app' with pid 8
2025-04-30 12:16:35,798 INFO spawned: 'tracker' with pid 9
2025-04-30 12:16:35,809 CRIT uncaptured python exception, closing channel <POutputDispatcher at 139662703139344 for <Subprocess at 139662703142992 with name flask_app in state STARTING> (stderr)> (<class 'OSError'>:[Errno 29] Illegal seek [/usr/lib/python3/dist-packages/supervisor/supervisord.py|runforever|218] [/usr/lib/python3/dist-packages/supervisor/dispatchers.py|handle_read_event|276] [/usr/lib/python3/dist-packages/supervisor/dispatchers.py|record_output|210] [/usr/lib/python3/dist-packages/supervisor/dispatchers.py|_log|179] [/usr/lib/python3/dist-packages/supervisor/loggers.py|info|327] [/usr/lib/python3/dist-packages/supervisor/loggers.py|log|345] [/usr/lib/python3/dist-packages/supervisor/loggers.py|emit|227] [/usr/lib/python3/dist-packages/supervisor/loggers.py|doRollover|264])
2025-04-30 12:16:35,809 CRIT uncaptured python exception, closing channel <POutputDispatcher at 139662703139344 for <Subprocess at 139662703142992 with name flask_app in state STARTING> (stderr)> (<class 'OSError'>:[Errno 29] Illegal seek [/usr/lib/python3/dist-packages/supervisor/supervisord.py|runforever|218] [/usr/lib/python3/dist-packages/supervisor/dispatchers.py|handle_read_event|276] [/usr/lib/python3/dist-packages/supervisor/dispatchers.py|record_output|210] [/usr/lib/python3/dist-packages/supervisor/dispatchers.py|_log|179] [/usr/lib/python3/dist-packages/supervisor/loggers.py|info|327] [/usr/lib/python3/dist-packages/supervisor/loggers.py|log|345] [/usr/lib/python3/dist-packages/supervisor/loggers.py|emit|227] [/usr/lib/python3/dist-packages/supervisor/loggers.py|doRollover|264])
2025-04-30 12:16:35,811 WARN exited: flask_app (exit status 1; not expected)
2025-04-30 12:16:36,816 INFO spawned: 'flask_app' with pid 10
2025-04-30 12:16:36,817 INFO success: tracker entered RUNNING state, process has stayed up for > than 1 seconds (startsecs)
2025-04-30 12:16:36,827 CRIT uncaptured python exception, closing channel <POutputDispatcher at 139662702957584 for <Subprocess at 139662703142992 with name flask_app in state STARTING> (stderr)> (<class 'OSError'>:[Errno 29] Illegal seek [/usr/lib/python3/dist-packages/supervisor/supervisord.py|runforever|218] [/usr/lib/python3/dist-packages/supervisor/dispatchers.py|handle_read_event|276] [/usr/lib/python3/dist-packages/supervisor/dispatchers.py|record_output|210] [/usr/lib/python3/dist-packages/supervisor/dispatchers.py|_log|179] [/usr/lib/python3/dist-packages/supervisor/loggers.py|info|327] [/usr/lib/python3/dist-packages/supervisor/loggers.py|log|345] [/usr/lib/python3/dist-packages/supervisor/loggers.py|emit|227] [/usr/lib/python3/dist-packages/supervisor/loggers.py|doRollover|264])
2025-04-30 12:16:36,827 CRIT uncaptured python exception, closing channel <POutputDispatcher at 139662702957584 for <Subprocess at 139662703142992 with name flask_app in state STARTING> (stderr)> (<class 'OSError'>:[Errno 29] Illegal seek [/usr/lib/python3/dist-packages/supervisor/supervisord.py|runforever|218] [/usr/lib/python3/dist-packages/supervisor/dispatchers.py|handle_read_event|276] [/usr/lib/python3/dist-packages/supervisor/dispatchers.py|record_output|210] [/usr/lib/python3/dist-packages/supervisor/dispatchers.py|_log|179] [/usr/lib/python3/dist-packages/supervisor/loggers.py|info|327] [/usr/lib/python3/dist-packages/supervisor/loggers.py|log|345] [/usr/lib/python3/dist-packages/supervisor/loggers.py|emit|227] [/usr/lib/python3/dist-packages/supervisor/loggers.py|doRollover|264])
2025-04-30 12:16:36,829 WARN exited: flask_app (exit status 1; not expected)
2025-04-30 12:16:38,832 INFO spawned: 'flask_app' with pid 11
2025-04-30 12:16:38,842 CRIT uncaptured python exception, closing channel <POutputDispatcher at 139662703217360 for <Subprocess at 139662703142992 with name flask_app in state STARTING> (stderr)> (<class 'OSError'>:[Errno 29] Illegal seek [/usr/lib/python3/dist-packages/supervisor/supervisord.py|runforever|218] [/usr/lib/python3/dist-packages/supervisor/dispatchers.py|handle_read_event|276] [/usr/lib/python3/dist-packages/supervisor/dispatchers.py|record_output|210] [/usr/lib/python3/dist-packages/supervisor/dispatchers.py|_log|179] [/usr/lib/python3/dist-packages/supervisor/loggers.py|info|327] [/usr/lib/python3/dist-packages/supervisor/loggers.py|log|345] [/usr/lib/python3/dist-packages/supervisor/loggers.py|emit|227] [/usr/lib/python3/dist-packages/supervisor/loggers.py|doRollover|264])
2025-04-30 12:16:38,842 CRIT uncaptured python exception, closing channel <POutputDispatcher at 139662703217360 for <Subprocess at 139662703142992 with name flask_app in state STARTING> (stderr)> (<class 'OSError'>:[Errno 29] Illegal seek [/usr/lib/python3/dist-packages/supervisor/supervisord.py|runforever|218] [/usr/lib/python3/dist-packages/supervisor/dispatchers.py|handle_read_event|276] [/usr/lib/python3/dist-packages/supervisor/dispatchers.py|record_output|210] [/usr/lib/python3/dist-packages/supervisor/dispatchers.py|_log|179] [/usr/lib/python3/dist-packages/supervisor/loggers.py|info|327] [/usr/lib/python3/dist-packages/supervisor/loggers.py|log|345] [/usr/lib/python3/dist-packages/supervisor/loggers.py|emit|227] [/usr/lib/python3/dist-packages/supervisor/loggers.py|doRollover|264])
2025-04-30 12:16:38,844 WARN exited: flask_app (exit status 1; not expected)
2025-04-30 12:16:41,851 INFO spawned: 'flask_app' with pid 12
2025-04-30 12:16:41,864 CRIT uncaptured python exception, closing channel <POutputDispatcher at 139662700857616 for <Subprocess at 139662703142992 with name flask_app in state STARTING> (stderr)> (<class 'OSError'>:[Errno 29] Illegal seek [/usr/lib/python3/dist-packages/supervisor/supervisord.py|runforever|218] [/usr/lib/python3/dist-packages/supervisor/dispatchers.py|handle_read_event|276] [/usr/lib/python3/dist-packages/supervisor/dispatchers.py|record_output|210] [/usr/lib/python3/dist-packages/supervisor/dispatchers.py|_log|179] [/usr/lib/python3/dist-packages/supervisor/loggers.py|info|327] [/usr/lib/python3/dist-packages/supervisor/loggers.py|log|345] [/usr/lib/python3/dist-packages/supervisor/loggers.py|emit|227] [/usr/lib/python3/dist-packages/supervisor/loggers.py|doRollover|264])
2025-04-30 12:16:41,864 CRIT uncaptured python exception, closing channel <POutputDispatcher at 139662700857616 for <Subprocess at 139662703142992 with name flask_app in state STARTING> (stderr)> (<class 'OSError'>:[Errno 29] Illegal seek [/usr/lib/python3/dist-packages/supervisor/supervisord.py|runforever|218] [/usr/lib/python3/dist-packages/supervisor/dispatchers.py|handle_read_event|276] [/usr/lib/python3/dist-packages/supervisor/dispatchers.py|record_output|210] [/usr/lib/python3/dist-packages/supervisor/dispatchers.py|_log|179] [/usr/lib/python3/dist-packages/supervisor/loggers.py|info|327] [/usr/lib/python3/dist-packages/supervisor/loggers.py|log|345] [/usr/lib/python3/dist-packages/supervisor/loggers.py|emit|227] [/usr/lib/python3/dist-packages/supervisor/loggers.py|doRollover|264])
2025-04-30 12:16:41,865 WARN exited: flask_app (exit status 1; not expected)
2025-04-30 12:16:42,867 INFO gave up: flask_app entered FATAL state, too many start retries too quickly
2025-04-30 12:17:22,912 WARN received SIGTERM indicating exit request
2025-04-30 12:17:22,912 INFO waiting for tracker to die
2025-04-30 12:17:22,913 WARN stopped: tracker (terminated by SIGTERM)
2025-04-30 12:17:24,032 CRIT Supervisor is running as root.  Privileges were not dropped because no user is specified in the config file.  If you intend to run as root, you can set user=root in the config file to avoid this message.
2025-04-30 12:17:24,033 INFO supervisord started with pid 1
2025-04-30 12:17:25,035 INFO spawned: 'flask_app' with pid 7
2025-04-30 12:17:25,036 INFO spawned: 'tracker' with pid 8
2025-04-30 12:17:25,049 CRIT uncaptured python exception, closing channel <POutputDispatcher at 139795576138256 for <Subprocess at 139795576315408 with name flask_app in state STARTING> (stderr)> (<class 'OSError'>:[Errno 29] Illegal seek [/usr/lib/python3/dist-packages/supervisor/supervisord.py|runforever|218] [/usr/lib/python3/dist-packages/supervisor/dispatchers.py|handle_read_event|276] [/usr/lib/python3/dist-packages/supervisor/dispatchers.py|record_output|210] [/usr/lib/python3/dist-packages/supervisor/dispatchers.py|_log|179] [/usr/lib/python3/dist-packages/supervisor/loggers.py|info|327] [/usr/lib/python3/dist-packages/supervisor/loggers.py|log|345] [/usr/lib/python3/dist-packages/supervisor/loggers.py|emit|227] [/usr/lib/python3/dist-packages/supervisor/loggers.py|doRollover|264])
2025-04-30 12:17:25,051 WARN exited: flask_app (exit status 1; not expected)
2025-04-30 12:17:26,053 INFO spawned: 'flask_app' with pid 9
2025-04-30 12:17:26,053 INFO success: tracker entered RUNNING state, process has stayed up for > than 1 seconds (startsecs)
2025-04-30 12:17:26,064 CRIT uncaptured python exception, closing channel <POutputDispatcher at 139795576317200 for <Subprocess at 139795576315408 with name flask_app in state STARTING> (stderr)> (<class 'OSError'>:[Errno 29] Illegal seek [/usr/lib/python3/dist-packages/supervisor/supervisord.py|runforever|218] [/usr/lib/python3/dist-packages/supervisor/dispatchers.py|handle_read_event|276] [/usr/lib/python3/dist-packages/supervisor/dispatchers.py|record_output|210] [/usr/lib/python3/dist-packages/supervisor/dispatchers.py|_log|179] [/usr/lib/python3/dist-packages/supervisor/loggers.py|info|327] [/usr/lib/python3/dist-packages/supervisor/loggers.py|log|345] [/usr/lib/python3/dist-packages/supervisor/loggers.py|emit|227] [/usr/lib/python3/dist-packages/supervisor/loggers.py|doRollover|264])
2025-04-30 12:17:26,064 CRIT uncaptured python exception, closing channel <POutputDispatcher at 139795576317200 for <Subprocess at 139795576315408 with name flask_app in state STARTING> (stderr)> (<class 'OSError'>:[Errno 29] Illegal seek [/usr/lib/python3/dist-packages/supervisor/supervisord.py|runforever|218] [/usr/lib/python3/dist-packages/supervisor/dispatchers.py|handle_read_event|276] [/usr/lib/python3/dist-packages/supervisor/dispatchers.py|record_output|210] [/usr/lib/python3/dist-packages/supervisor/dispatchers.py|_log|179] [/usr/lib/python3/dist-packages/supervisor/loggers.py|info|327] [/usr/lib/python3/dist-packages/supervisor/loggers.py|log|345] [/usr/lib/python3/dist-packages/supervisor/loggers.py|emit|227] [/usr/lib/python3/dist-packages/supervisor/loggers.py|doRollover|264])
2025-04-30 12:17:26,065 WARN exited: flask_app (exit status 1; not expected)
2025-04-30 12:17:28,071 INFO spawned: 'flask_app' with pid 10
2025-04-30 12:17:28,084 CRIT uncaptured python exception, closing channel <POutputDispatcher at 139795576456912 for <Subprocess at 139795576315408 with name flask_app in state STARTING> (stderr)> (<class 'OSError'>:[Errno 29] Illegal seek [/usr/lib/python3/dist-packages/supervisor/supervisord.py|runforever|218] [/usr/lib/python3/dist-packages/supervisor/dispatchers.py|handle_read_event|276] [/usr/lib/python3/dist-packages/supervisor/dispatchers.py|record_output|210] [/usr/lib/python3/dist-packages/supervisor/dispatchers.py|_log|179] [/usr/lib/python3/dist-packages/supervisor/loggers.py|info|327] [/usr/lib/python3/dist-packages/supervisor/loggers.py|log|345] [/usr/lib/python3/dist-packages/supervisor/loggers.py|emit|227] [/usr/lib/python3/dist-packages/supervisor/loggers.py|doRollover|264])
2025-04-30 12:17:28,084 CRIT uncaptured python exception, closing channel <POutputDispatcher at 139795576456912 for <Subprocess at 139795576315408 with name flask_app in state STARTING> (stderr)> (<class 'OSError'>:[Errno 29] Illegal seek [/usr/lib/python3/dist-packages/supervisor/supervisord.py|runforever|218] [/usr/lib/python3/dist-packages/supervisor/dispatchers.py|handle_read_event|276] [/usr/lib/python3/dist-packages/supervisor/dispatchers.py|record_output|210] [/usr/lib/python3/dist-packages/supervisor/dispatchers.py|_log|179] [/usr/lib/python3/dist-packages/supervisor/loggers.py|info|327] [/usr/lib/python3/dist-packages/supervisor/loggers.py|log|345] [/usr/lib/python3/dist-packages/supervisor/loggers.py|emit|227] [/usr/lib/python3/dist-packages/supervisor/loggers.py|doRollover|264])
2025-04-30 12:17:28,086 WARN exited: flask_app (exit status 1; not expected)
2025-04-30 12:17:31,090 INFO spawned: 'flask_app' with pid 11
2025-04-30 12:17:31,099 CRIT uncaptured python exception, closing channel <POutputDispatcher at 139795576317200 for <Subprocess at 139795576315408 with name flask_app in state STARTING> (stderr)> (<class 'OSError'>:[Errno 29] Illegal seek [/usr/lib/python3/dist-packages/supervisor/supervisord.py|runforever|218] [/usr/lib/python3/dist-packages/supervisor/dispatchers.py|handle_read_event|276] [/usr/lib/python3/dist-packages/supervisor/dispatchers.py|record_output|210] [/usr/lib/python3/dist-packages/supervisor/dispatchers.py|_log|179] [/usr/lib/python3/dist-packages/supervisor/loggers.py|info|327] [/usr/lib/python3/dist-packages/supervisor/loggers.py|log|345] [/usr/lib/python3/dist-packages/supervisor/loggers.py|emit|227] [/usr/lib/python3/dist-packages/supervisor/loggers.py|doRollover|264])
2025-04-30 12:17:31,099 CRIT uncaptured python exception, closing channel <POutputDispatcher at 139795576317200 for <Subprocess at 139795576315408 with name flask_app in state STARTING> (stderr)> (<class 'OSError'>:[Errno 29] Illegal seek [/usr/lib/python3/dist-packages/supervisor/supervisord.py|runforever|218] [/usr/lib/python3/dist-packages/supervisor/dispatchers.py|handle_read_event|276] [/usr/lib/python3/dist-packages/supervisor/dispatchers.py|record_output|210] [/usr/lib/python3/dist-packages/supervisor/dispatchers.py|_log|179] [/usr/lib/python3/dist-packages/supervisor/loggers.py|info|327] [/usr/lib/python3/dist-packages/supervisor/loggers.py|log|345] [/usr/lib/python3/dist-packages/supervisor/loggers.py|emit|227] [/usr/lib/python3/dist-packages/supervisor/loggers.py|doRollover|264])
2025-04-30 12:17:31,100 WARN exited: flask_app (exit status 1; not expected)
2025-04-30 12:17:32,102 INFO gave up: flask_app entered FATAL state, too many start retries too quickly
2025-04-30 12:21:21,370 WARN received SIGTERM indicating exit request
2025-04-30 12:21:21,371 INFO waiting for tracker to die
2025-04-30 12:21:21,373 WARN stopped: tracker (terminated by SIGTERM)
2025-04-30 12:33:46,441 CRIT Supervisor is running as root.  Privileges were not dropped because no user is specified in the config file.  If you intend to run as root, you can set user=root in the config file to avoid this message.
2025-04-30 12:33:46,443 INFO supervisord started with pid 1
2025-04-30 12:33:47,447 INFO spawned: 'flask_app' with pid 7
2025-04-30 12:33:47,450 INFO spawned: 'tracker' with pid 8
2025-04-30 12:33:47,577 CRIT uncaptured python exception, closing channel <POutputDispatcher at 139984724472464 for <Subprocess at 139984738447376 with name flask_app in state STARTING> (stdout)> (<class 'OSError'>:[Errno 29] Illegal seek [/usr/lib/python3/dist-packages/supervisor/supervisord.py|runforever|218] [/usr/lib/python3/dist-packages/supervisor/dispatchers.py|handle_read_event|276] [/usr/lib/python3/dist-packages/supervisor/dispatchers.py|record_output|210] [/usr/lib/python3/dist-packages/supervisor/dispatchers.py|_log|179] [/usr/lib/python3/dist-packages/supervisor/loggers.py|info|327] [/usr/lib/python3/dist-packages/supervisor/loggers.py|log|345] [/usr/lib/python3/dist-packages/supervisor/loggers.py|emit|227] [/usr/lib/python3/dist-packages/supervisor/loggers.py|doRollover|264])
2025-04-30 12:33:47,580 CRIT uncaptured python exception, closing channel <POutputDispatcher at 139984724461584 for <Subprocess at 139984738447376 with name flask_app in state STARTING> (stderr)> (<class 'OSError'>:[Errno 29] Illegal seek [/usr/lib/python3/dist-packages/supervisor/supervisord.py|runforever|218] [/usr/lib/python3/dist-packages/supervisor/dispatchers.py|handle_read_event|276] [/usr/lib/python3/dist-packages/supervisor/dispatchers.py|record_output|210] [/usr/lib/python3/dist-packages/supervisor/dispatchers.py|_log|179] [/usr/lib/python3/dist-packages/supervisor/loggers.py|info|327] [/usr/lib/python3/dist-packages/supervisor/loggers.py|log|345] [/usr/lib/python3/dist-packages/supervisor/loggers.py|emit|227] [/usr/lib/python3/dist-packages/supervisor/loggers.py|doRollover|264])
2025-04-30 12:33:48,581 INFO success: flask_app entered RUNNING state, process has stayed up for > than 1 seconds (startsecs)
2025-04-30 12:33:48,582 INFO success: tracker entered RUNNING state, process has stayed up for > than 1 seconds (startsecs)
2025-04-30 12:36:04,392 CRIT uncaptured python exception, closing channel <POutputDispatcher at 139984724461584 for <Subprocess at 139984738447376 with name flask_app in state RUNNING> (stderr)> (<class 'OSError'>:[Errno 29] Illegal seek [/usr/lib/python3/dist-packages/supervisor/supervisord.py|runforever|218] [/usr/lib/python3/dist-packages/supervisor/dispatchers.py|handle_read_event|276] [/usr/lib/python3/dist-packages/supervisor/dispatchers.py|record_output|210] [/usr/lib/python3/dist-packages/supervisor/dispatchers.py|_log|179] [/usr/lib/python3/dist-packages/supervisor/loggers.py|info|327] [/usr/lib/python3/dist-packages/supervisor/loggers.py|log|345] [/usr/lib/python3/dist-packages/supervisor/loggers.py|emit|227] [/usr/lib/python3/dist-packages/supervisor/loggers.py|doRollover|264])
2025-04-30 12:39:02,600 WARN received SIGTERM indicating exit request
2025-04-30 12:39:02,600 INFO waiting for flask_app, tracker to die
2025-04-30 12:39:02,601 WARN stopped: tracker (terminated by SIGTERM)
2025-04-30 12:39:02,602 WARN stopped: flask_app (terminated by SIGTERM)
2025-04-30 12:39:04,049 CRIT Supervisor is running as root.  Privileges were not dropped because no user is specified in the config file.  If you intend to run as root, you can set user=root in the config file to avoid this message.
2025-04-30 12:39:04,050 INFO supervisord started with pid 1
2025-04-30 12:39:05,052 INFO spawned: 'flask_app' with pid 7
2025-04-30 12:39:05,053 INFO spawned: 'tracker' with pid 8
2025-04-30 12:39:06,191 INFO success: flask_app entered RUNNING state, process has stayed up for > than 1 seconds (startsecs)
2025-04-30 12:39:06,191 INFO success: tracker entered RUNNING state, process has stayed up for > than 1 seconds (startsecs)
2025-04-30 12:41:36,324 WARN received SIGTERM indicating exit request
2025-04-30 12:41:36,325 INFO waiting for flask_app, tracker to die
2025-04-30 12:41:37,327 WARN stopped: tracker (terminated by SIGTERM)
2025-04-30 12:41:38,329 WARN stopped: flask_app (terminated by SIGTERM)
2025-04-30 12:41:39,866 CRIT Supervisor is running as root.  Privileges were not dropped because no user is specified in the config file.  If you intend to run as root, you can set user=root in the config file to avoid this message.
2025-04-30 12:41:39,867 INFO supervisord started with pid 1
2025-04-30 12:41:40,872 INFO spawned: 'flask_app' with pid 6
2025-04-30 12:41:40,876 INFO spawned: 'tracker' with pid 7
2025-04-30 12:41:42,003 INFO success: flask_app entered RUNNING state, process has stayed up for > than 1 seconds (startsecs)
2025-04-30 12:41:42,003 INFO success: tracker entered RUNNING state, process has stayed up for > than 1 seconds (startsecs)
2025-04-30 12:44:56,984 WARN received SIGTERM indicating exit request
2025-04-30 12:44:56,985 INFO waiting for flask_app, tracker to die
2025-04-30 12:44:56,986 WARN stopped: tracker (terminated by SIGTERM)
2025-04-30 12:44:56,992 WARN stopped: flask_app (terminated by SIGTERM)
2025-04-30 12:44:58,778 CRIT Supervisor is running as root.  Privileges were not dropped because no user is specified in the config file.  If you intend to run as root, you can set user=root in the config file to avoid this message.
2025-04-30 12:44:58,779 INFO supervisord started with pid 1
2025-04-30 12:44:59,782 INFO spawned: 'flask_app' with pid 7
2025-04-30 12:44:59,783 INFO spawned: 'tracker' with pid 8
2025-04-30 12:45:00,912 INFO success: flask_app entered RUNNING state, process has stayed up for > than 1 seconds (startsecs)
2025-04-30 12:45:00,912 INFO success: tracker entered RUNNING state, process has stayed up for > than 1 seconds (startsecs)
2025-04-30 12:54:56,910 WARN received SIGTERM indicating exit request
2025-04-30 12:54:56,911 INFO waiting for flask_app, tracker to die
2025-04-30 12:54:56,913 WARN stopped: tracker (terminated by SIGTERM)
2025-04-30 12:54:56,918 WARN stopped: flask_app (terminated by SIGTERM)
2025-04-30 12:54:57,954 CRIT Supervisor is running as root.  Privileges were not dropped because no user is specified in the config file.  If you intend to run as root, you can set user=root in the config file to avoid this message.
2025-04-30 12:54:57,956 INFO supervisord started with pid 1
2025-04-30 12:54:58,960 INFO spawned: 'flask_app' with pid 7
2025-04-30 12:54:58,963 INFO spawned: 'tracker' with pid 8
2025-04-30 12:55:00,077 INFO success: flask_app entered RUNNING state, process has stayed up for > than 1 seconds (startsecs)
2025-04-30 12:55:00,077 INFO success: tracker entered RUNNING state, process has stayed up for > than 1 seconds (startsecs)
2025-04-30 12:55:29,006 WARN received SIGTERM indicating exit request
2025-04-30 12:55:29,006 INFO waiting for flask_app, tracker to die
2025-04-30 12:55:29,008 WARN stopped: tracker (terminated by SIGTERM)
2025-04-30 12:55:29,014 WARN stopped: flask_app (terminated by SIGTERM)
2025-04-30 13:35:11,477 CRIT Supervisor is running as root.  Privileges were not dropped because no user is specified in the config file.  If you intend to run as root, you can set user=root in the config file to avoid this message.
2025-04-30 13:35:11,481 INFO supervisord started with pid 1
2025-04-30 13:35:12,483 INFO spawned: 'flask_app' with pid 7
2025-04-30 13:35:12,484 INFO spawned: 'tracker' with pid 8
2025-04-30 13:35:13,620 INFO success: flask_app entered RUNNING state, process has stayed up for > than 1 seconds (startsecs)
2025-04-30 13:35:13,620 INFO success: tracker entered RUNNING state, process has stayed up for > than 1 seconds (startsecs)
2025-04-30 13:38:08,940 WARN received SIGTERM indicating exit request
2025-04-30 13:38:08,940 INFO waiting for flask_app, tracker to die
2025-04-30 13:38:08,942 WARN stopped: tracker (terminated by SIGTERM)
2025-04-30 13:38:08,948 WARN stopped: flask_app (terminated by SIGTERM)
2025-04-30 13:38:10,830 CRIT Supervisor is running as root.  Privileges were not dropped because no user is specified in the config file.  If you intend to run as root, you can set user=root in the config file to avoid this message.
2025-04-30 13:38:10,831 INFO supervisord started with pid 1
2025-04-30 13:38:11,835 INFO spawned: 'flask_app' with pid 7
2025-04-30 13:38:11,838 INFO spawned: 'tracker' with pid 8
2025-04-30 13:38:12,967 INFO success: flask_app entered RUNNING state, process has stayed up for > than 1 seconds (startsecs)
2025-04-30 13:38:12,968 INFO success: tracker entered RUNNING state, process has stayed up for > than 1 seconds (startsecs)
2025-04-30 13:44:07,850 WARN exited: tracker (exit status 1; not expected)
2025-04-30 13:44:08,855 INFO spawned: 'tracker' with pid 66
2025-04-30 13:44:08,881 WARN exited: tracker (exit status 1; not expected)
2025-04-30 13:44:09,885 INFO spawned: 'tracker' with pid 67
2025-04-30 13:44:09,911 WARN exited: tracker (exit status 1; not expected)
2025-04-30 13:44:11,915 INFO spawned: 'tracker' with pid 68
2025-04-30 13:44:11,941 WARN exited: tracker (exit status 1; not expected)
2025-04-30 13:44:14,947 INFO spawned: 'tracker' with pid 69
2025-04-30 13:44:14,974 WARN exited: tracker (exit status 1; not expected)
2025-04-30 13:44:15,975 INFO gave up: tracker entered FATAL state, too many start retries too quickly
2025-04-30 13:54:01,410 WARN received SIGTERM indicating exit request
2025-04-30 13:54:01,410 INFO waiting for flask_app to die
2025-04-30 13:54:02,417 WARN stopped: flask_app (terminated by SIGTERM)
2025-04-30 13:54:03,341 CRIT Supervisor is running as root.  Privileges were not dropped because no user is specified in the config file.  If you intend to run as root, you can set user=root in the config file to avoid this message.
2025-04-30 13:54:03,342 INFO supervisord started with pid 1
2025-04-30 13:54:04,347 INFO spawned: 'flask_app' with pid 7
2025-04-30 13:54:04,350 INFO spawned: 'tracker' with pid 8
2025-04-30 13:54:05,369 INFO success: flask_app entered RUNNING state, process has stayed up for > than 1 seconds (startsecs)
2025-04-30 13:54:05,369 INFO success: tracker entered RUNNING state, process has stayed up for > than 1 seconds (startsecs)
2025-04-30 13:57:30,452 WARN received SIGTERM indicating exit request
2025-04-30 13:57:30,452 INFO waiting for flask_app, tracker to die
2025-04-30 13:57:30,454 WARN stopped: tracker (terminated by SIGTERM)
2025-04-30 13:57:30,459 WARN stopped: flask_app (terminated by SIGTERM)
2025-04-30 13:57:31,408 CRIT Supervisor is running as root.  Privileges were not dropped because no user is specified in the config file.  If you intend to run as root, you can set user=root in the config file to avoid this message.
2025-04-30 13:57:31,409 INFO supervisord started with pid 1
2025-04-30 13:57:32,413 INFO spawned: 'flask_app' with pid 7
2025-04-30 13:57:32,416 INFO spawned: 'tracker' with pid 8
2025-04-30 13:57:33,530 INFO success: flask_app entered RUNNING state, process has stayed up for > than 1 seconds (startsecs)
2025-04-30 13:57:33,530 INFO success: tracker entered RUNNING state, process has stayed up for > than 1 seconds (startsecs)
2025-04-30 14:02:24,219 WARN received SIGTERM indicating exit request
2025-04-30 14:02:24,220 INFO waiting for flask_app, tracker to die
2025-04-30 14:02:24,222 WARN stopped: tracker (terminated by SIGTERM)
2025-04-30 14:02:24,227 WARN stopped: flask_app (terminated by SIGTERM)
2025-04-30 14:02:25,186 CRIT Supervisor is running as root.  Privileges were not dropped because no user is specified in the config file.  If you intend to run as root, you can set user=root in the config file to avoid this message.
2025-04-30 14:02:25,188 INFO supervisord started with pid 1
2025-04-30 14:02:26,192 INFO spawned: 'flask_app' with pid 6
2025-04-30 14:02:26,195 INFO spawned: 'tracker' with pid 7
2025-04-30 14:02:27,308 INFO success: flask_app entered RUNNING state, process has stayed up for > than 1 seconds (startsecs)
2025-04-30 14:02:27,309 INFO success: tracker entered RUNNING state, process has stayed up for > than 1 seconds (startsecs)
2025-04-30 14:04:02,094 WARN exited: tracker (exit status 1; not expected)
2025-04-30 14:04:03,096 INFO spawned: 'tracker' with pid 120
2025-04-30 14:04:03,096 WARN received SIGTERM indicating exit request
2025-04-30 14:04:03,096 INFO waiting for flask_app, tracker to die
2025-04-30 14:04:03,119 WARN stopped: tracker (exit status 1)
2025-04-30 14:04:03,120 WARN stopped: flask_app (terminated by SIGTERM)
2025-04-30 14:04:04,116 CRIT Supervisor is running as root.  Privileges were not dropped because no user is specified in the config file.  If you intend to run as root, you can set user=root in the config file to avoid this message.
2025-04-30 14:04:04,117 INFO supervisord started with pid 1
2025-04-30 14:04:05,122 INFO spawned: 'flask_app' with pid 7
2025-04-30 14:04:05,124 INFO spawned: 'tracker' with pid 8
2025-04-30 14:04:05,146 WARN exited: tracker (exit status 1; not expected)
2025-04-30 14:04:06,240 INFO success: flask_app entered RUNNING state, process has stayed up for > than 1 seconds (startsecs)
2025-04-30 14:04:06,243 INFO spawned: 'tracker' with pid 9
2025-04-30 14:04:07,268 INFO success: tracker entered RUNNING state, process has stayed up for > than 1 seconds (startsecs)
2025-04-30 14:17:09,633 WARN received SIGTERM indicating exit request
2025-04-30 14:17:09,640 INFO waiting for flask_app, tracker to die
2025-04-30 14:17:09,641 WARN stopped: tracker (terminated by SIGTERM)
2025-04-30 14:17:09,642 WARN stopped: flask_app (terminated by SIGTERM)
2025-04-30 14:29:31,390 CRIT Supervisor is running as root.  Privileges were not dropped because no user is specified in the config file.  If you intend to run as root, you can set user=root in the config file to avoid this message.
2025-04-30 14:29:31,391 INFO supervisord started with pid 1
2025-04-30 14:29:32,395 INFO spawned: 'flask_app' with pid 7
2025-04-30 14:29:32,400 INFO spawned: 'tracker' with pid 8
2025-04-30 14:29:33,544 INFO success: flask_app entered RUNNING state, process has stayed up for > than 1 seconds (startsecs)
2025-04-30 14:29:33,544 INFO success: tracker entered RUNNING state, process has stayed up for > than 1 seconds (startsecs)
2025-04-30 14:32:30,871 WARN received SIGTERM indicating exit request
2025-04-30 14:32:30,871 INFO waiting for flask_app, tracker to die
2025-04-30 14:32:30,871 WARN stopped: tracker (terminated by SIGTERM)
2025-04-30 14:32:30,873 WARN stopped: flask_app (terminated by SIGTERM)
2025-04-30 14:32:31,660 CRIT Supervisor is running as root.  Privileges were not dropped because no user is specified in the config file.  If you intend to run as root, you can set user=root in the config file to avoid this message.
2025-04-30 14:32:31,661 INFO supervisord started with pid 1
2025-04-30 14:32:32,663 INFO spawned: 'flask_app' with pid 6
2025-04-30 14:32:32,664 INFO spawned: 'tracker' with pid 7
2025-04-30 14:32:33,797 INFO success: flask_app entered RUNNING state, process has stayed up for > than 1 seconds (startsecs)
2025-04-30 14:32:33,797 INFO success: tracker entered RUNNING state, process has stayed up for > than 1 seconds (startsecs)
2025-05-05 08:28:25,961 WARN received SIGTERM indicating exit request
2025-05-05 08:28:25,963 INFO waiting for flask_app, tracker to die
2025-05-05 08:28:25,964 WARN stopped: tracker (terminated by SIGTERM)
2025-05-05 08:28:25,966 WARN stopped: flask_app (terminated by SIGTERM)
2025-05-05 08:29:16,127 CRIT Supervisor is running as root.  Privileges were not dropped because no user is specified in the config file.  If you intend to run as root, you can set user=root in the config file to avoid this message.
2025-05-05 08:29:16,133 INFO supervisord started with pid 1
2025-05-05 08:29:17,135 INFO spawned: 'flask_app' with pid 6
2025-05-05 08:29:17,136 INFO spawned: 'tracker' with pid 7
2025-05-05 08:29:18,338 INFO success: flask_app entered RUNNING state, process has stayed up for > than 1 seconds (startsecs)
2025-05-05 08:29:18,339 INFO success: tracker entered RUNNING state, process has stayed up for > than 1 seconds (startsecs)
2025-05-05 08:41:47,201 WARN exited: tracker (exit status 1; not expected)
2025-05-05 08:41:48,203 INFO spawned: 'tracker' with pid 8
2025-05-05 08:41:48,215 WARN exited: tracker (exit status 2; not expected)
2025-05-05 08:41:49,217 INFO spawned: 'tracker' with pid 9
2025-05-05 08:41:49,230 WARN exited: tracker (exit status 2; not expected)
2025-05-05 08:41:51,232 INFO spawned: 'tracker' with pid 10
2025-05-05 08:41:51,244 WARN exited: tracker (exit status 2; not expected)
2025-05-05 08:41:54,248 INFO spawned: 'tracker' with pid 11
2025-05-05 08:41:54,261 WARN exited: tracker (exit status 2; not expected)
2025-05-05 08:41:55,262 INFO gave up: tracker entered FATAL state, too many start retries too quickly
2025-05-05 08:48:55,687 WARN received SIGTERM indicating exit request
2025-05-05 08:48:55,687 INFO waiting for flask_app to die
2025-05-05 08:48:56,689 WARN stopped: flask_app (terminated by SIGTERM)
2025-05-05 08:48:57,438 CRIT Supervisor is running as root.  Privileges were not dropped because no user is specified in the config file.  If you intend to run as root, you can set user=root in the config file to avoid this message.
2025-05-05 08:48:57,439 INFO supervisord started with pid 1
2025-05-05 08:48:58,441 INFO spawned: 'flask_app' with pid 7
2025-05-05 08:48:58,442 INFO spawned: 'tracker' with pid 8
2025-05-05 08:48:59,576 INFO success: flask_app entered RUNNING state, process has stayed up for > than 1 seconds (startsecs)
2025-05-05 08:48:59,576 INFO success: tracker entered RUNNING state, process has stayed up for > than 1 seconds (startsecs)
2025-05-16 12:04:57,615 WARN exited: tracker (exit status 1; not expected)
2025-05-16 12:04:58,630 INFO spawned: 'tracker' with pid 44
2025-05-16 12:04:58,668 WARN exited: tracker (exit status 1; not expected)
2025-05-16 12:04:59,673 INFO spawned: 'tracker' with pid 45
2025-05-16 12:04:59,699 WARN exited: tracker (exit status 1; not expected)
2025-05-16 12:05:01,707 INFO spawned: 'tracker' with pid 46
2025-05-16 12:05:01,735 WARN exited: tracker (exit status 1; not expected)
2025-05-16 12:05:03,737 WARN received SIGTERM indicating exit request
2025-05-16 12:05:03,738 INFO waiting for flask_app to die
2025-05-16 12:05:04,744 WARN stopped: flask_app (terminated by SIGTERM)
2025-05-16 12:05:05,781 CRIT Supervisor is running as root.  Privileges were not dropped because no user is specified in the config file.  If you intend to run as root, you can set user=root in the config file to avoid this message.
2025-05-16 12:05:05,782 INFO supervisord started with pid 1
2025-05-16 12:05:06,786 INFO spawned: 'flask_app' with pid 7
2025-05-16 12:05:06,789 INFO spawned: 'tracker' with pid 8
2025-05-16 12:05:06,811 WARN exited: tracker (exit status 1; not expected)
2025-05-16 12:05:07,946 INFO success: flask_app entered RUNNING state, process has stayed up for > than 1 seconds (startsecs)
2025-05-16 12:05:07,949 INFO spawned: 'tracker' with pid 9
2025-05-16 12:05:09,015 INFO success: tracker entered RUNNING state, process has stayed up for > than 1 seconds (startsecs)
2025-05-16 13:28:28,189 WARN received SIGTERM indicating exit request
2025-05-16 13:28:28,190 INFO waiting for flask_app, tracker to die
2025-05-16 13:28:28,192 WARN stopped: tracker (terminated by SIGTERM)
2025-05-16 13:28:28,198 WARN stopped: flask_app (terminated by SIGTERM)
2025-05-16 13:28:29,282 CRIT Supervisor is running as root.  Privileges were not dropped because no user is specified in the config file.  If you intend to run as root, you can set user=root in the config file to avoid this message.
2025-05-16 13:28:29,283 INFO supervisord started with pid 1
2025-05-16 13:28:30,287 INFO spawned: 'flask_app' with pid 7
2025-05-16 13:28:30,290 INFO spawned: 'tracker' with pid 8
2025-05-16 13:28:31,405 INFO success: flask_app entered RUNNING state, process has stayed up for > than 1 seconds (startsecs)
2025-05-16 13:28:31,405 INFO success: tracker entered RUNNING state, process has stayed up for > than 1 seconds (startsecs)
2025-05-16 13:49:25,360 WARN exited: tracker (exit status 1; not expected)
2025-05-16 13:49:26,362 INFO spawned: 'tracker' with pid 3598
2025-05-16 13:49:26,385 WARN exited: tracker (exit status 1; not expected)
2025-05-16 13:49:27,387 INFO spawned: 'tracker' with pid 3616
2025-05-16 13:49:27,418 WARN exited: tracker (exit status 1; not expected)
2025-05-16 13:49:29,421 INFO spawned: 'tracker' with pid 3618
2025-05-16 13:49:29,446 WARN exited: tracker (exit status 1; not expected)
2025-05-16 13:49:32,450 INFO spawned: 'tracker' with pid 3636
2025-05-16 13:49:32,474 WARN exited: tracker (exit status 1; not expected)
2025-05-16 13:49:33,475 INFO gave up: tracker entered FATAL state, too many start retries too quickly
2025-05-16 13:49:52,496 WARN received SIGTERM indicating exit request
2025-05-16 13:49:52,496 INFO waiting for flask_app to die
2025-05-16 13:49:53,498 WARN stopped: flask_app (terminated by SIGTERM)
2025-05-16 13:49:54,665 CRIT Supervisor is running as root.  Privileges were not dropped because no user is specified in the config file.  If you intend to run as root, you can set user=root in the config file to avoid this message.
2025-05-16 13:49:54,666 INFO supervisord started with pid 1
2025-05-16 13:49:55,671 INFO spawned: 'flask_app' with pid 7
2025-05-16 13:49:55,673 INFO spawned: 'tracker' with pid 8
2025-05-16 13:49:55,695 WARN exited: tracker (exit status 1; not expected)
2025-05-16 13:49:56,798 INFO success: flask_app entered RUNNING state, process has stayed up for > than 1 seconds (startsecs)
2025-05-16 13:49:56,801 INFO spawned: 'tracker' with pid 9
2025-05-16 13:49:57,823 INFO success: tracker entered RUNNING state, process has stayed up for > than 1 seconds (startsecs)
2025-05-16 14:23:11,536 WARN received SIGTERM indicating exit request
2025-05-16 14:23:11,539 INFO waiting for flask_app, tracker to die
2025-05-16 14:23:11,595 WARN stopped: tracker (terminated by SIGTERM)
2025-05-16 14:23:11,596 WARN stopped: flask_app (terminated by SIGTERM)
2025-05-16 14:23:13,312 CRIT Supervisor is running as root.  Privileges were not dropped because no user is specified in the config file.  If you intend to run as root, you can set user=root in the config file to avoid this message.
2025-05-16 14:23:13,313 INFO supervisord started with pid 1
2025-05-16 14:23:14,316 INFO spawned: 'flask_app' with pid 6
2025-05-16 14:23:14,317 INFO spawned: 'tracker' with pid 7
2025-05-16 14:23:15,482 INFO success: flask_app entered RUNNING state, process has stayed up for > than 1 seconds (startsecs)
2025-05-16 14:23:15,482 INFO success: tracker entered RUNNING state, process has stayed up for > than 1 seconds (startsecs)
2025-05-16 14:24:42,372 WARN received SIGTERM indicating exit request
2025-05-16 14:24:42,372 INFO waiting for flask_app, tracker to die
2025-05-16 14:24:42,374 WARN stopped: tracker (terminated by SIGTERM)
2025-05-16 14:24:42,380 WARN stopped: flask_app (terminated by SIGTERM)
2025-05-16 14:24:43,384 CRIT Supervisor is running as root.  Privileges were not dropped because no user is specified in the config file.  If you intend to run as root, you can set user=root in the config file to avoid this message.
2025-05-16 14:24:43,385 INFO supervisord started with pid 1
2025-05-16 14:24:44,390 INFO spawned: 'flask_app' with pid 8
2025-05-16 14:24:44,392 INFO spawned: 'tracker' with pid 9
2025-05-16 14:24:44,415 WARN exited: tracker (exit status 1; not expected)
2025-05-16 14:24:45,509 INFO success: flask_app entered RUNNING state, process has stayed up for > than 1 seconds (startsecs)
2025-05-16 14:24:45,513 INFO spawned: 'tracker' with pid 10
2025-05-16 14:24:46,537 INFO success: tracker entered RUNNING state, process has stayed up for > than 1 seconds (startsecs)
2025-05-16 14:32:17,578 WARN received SIGTERM indicating exit request
2025-05-16 14:32:17,579 INFO waiting for flask_app, tracker to die
2025-05-16 14:32:17,580 WARN stopped: tracker (terminated by SIGTERM)
2025-05-16 14:32:17,586 WARN stopped: flask_app (terminated by SIGTERM)
2025-05-16 14:32:18,564 CRIT Supervisor is running as root.  Privileges were not dropped because no user is specified in the config file.  If you intend to run as root, you can set user=root in the config file to avoid this message.
2025-05-16 14:32:18,565 INFO supervisord started with pid 1
2025-05-16 14:32:19,570 INFO spawned: 'flask_app' with pid 8
2025-05-16 14:32:19,573 INFO spawned: 'tracker' with pid 9
2025-05-16 14:32:20,686 INFO success: flask_app entered RUNNING state, process has stayed up for > than 1 seconds (startsecs)
2025-05-16 14:32:20,687 INFO success: tracker entered RUNNING state, process has stayed up for > than 1 seconds (startsecs)
2025-05-16 15:07:08,941 WARN received SIGTERM indicating exit request
2025-05-16 15:07:08,942 INFO waiting for flask_app, tracker to die
2025-05-16 15:07:08,944 WARN stopped: tracker (terminated by SIGTERM)
2025-05-16 15:07:08,949 WARN stopped: flask_app (terminated by SIGTERM)
2025-05-16 15:07:09,925 CRIT Supervisor is running as root.  Privileges were not dropped because no user is specified in the config file.  If you intend to run as root, you can set user=root in the config file to avoid this message.
2025-05-16 15:07:09,926 INFO supervisord started with pid 1
2025-05-16 15:07:10,930 INFO spawned: 'flask_app' with pid 6
2025-05-16 15:07:10,933 INFO spawned: 'tracker' with pid 7
2025-05-16 15:07:12,053 INFO success: flask_app entered RUNNING state, process has stayed up for > than 1 seconds (startsecs)
2025-05-16 15:07:12,054 INFO success: tracker entered RUNNING state, process has stayed up for > than 1 seconds (startsecs)
2025-05-16 15:11:14,200 WARN received SIGTERM indicating exit request
2025-05-16 15:11:14,200 INFO waiting for flask_app, tracker to die
2025-05-16 15:11:14,202 WARN stopped: tracker (terminated by SIGTERM)
2025-05-16 15:11:14,208 WARN stopped: flask_app (terminated by SIGTERM)
2025-05-16 15:11:15,205 CRIT Supervisor is running as root.  Privileges were not dropped because no user is specified in the config file.  If you intend to run as root, you can set user=root in the config file to avoid this message.
2025-05-16 15:11:15,206 INFO supervisord started with pid 1
2025-05-16 15:11:16,211 INFO spawned: 'flask_app' with pid 7
2025-05-16 15:11:16,214 INFO spawned: 'tracker' with pid 8
2025-05-16 15:11:17,328 INFO success: flask_app entered RUNNING state, process has stayed up for > than 1 seconds (startsecs)
2025-05-16 15:11:17,328 INFO success: tracker entered RUNNING state, process has stayed up for > than 1 seconds (startsecs)
2025-05-17 04:10:35,558 INFO reaped unknown pid 78534 (exit status 120)
2025-05-20 06:15:53,842 WARN exited: tracker (exit status 1; not expected)
2025-05-20 06:15:54,859 INFO spawned: 'tracker' with pid 79068
2025-05-20 06:15:54,882 WARN exited: tracker (exit status 1; not expected)
2025-05-20 06:15:55,884 INFO spawned: 'tracker' with pid 79070
2025-05-20 06:15:55,907 WARN exited: tracker (exit status 1; not expected)
2025-05-20 06:15:57,910 INFO spawned: 'tracker' with pid 79088
2025-05-20 06:15:57,933 WARN exited: tracker (exit status 1; not expected)
2025-05-20 06:15:59,935 WARN received SIGTERM indicating exit request
2025-05-20 06:15:59,935 INFO waiting for flask_app to die
2025-05-20 06:16:00,937 WARN stopped: flask_app (terminated by SIGTERM)
2025-05-20 06:16:02,152 CRIT Supervisor is running as root.  Privileges were not dropped because no user is specified in the config file.  If you intend to run as root, you can set user=root in the config file to avoid this message.
2025-05-20 06:16:02,154 INFO supervisord started with pid 1
2025-05-20 06:16:03,158 INFO spawned: 'flask_app' with pid 7
2025-05-20 06:16:03,161 INFO spawned: 'tracker' with pid 8
2025-05-20 06:16:03,182 WARN exited: tracker (exit status 1; not expected)
2025-05-20 06:16:04,296 INFO success: flask_app entered RUNNING state, process has stayed up for > than 1 seconds (startsecs)
2025-05-20 06:16:04,299 INFO spawned: 'tracker' with pid 9
2025-05-20 06:16:05,324 INFO success: tracker entered RUNNING state, process has stayed up for > than 1 seconds (startsecs)
2025-05-21 06:03:36,269 WARN received SIGTERM indicating exit request
2025-05-21 06:03:36,271 INFO waiting for flask_app, tracker to die
2025-05-21 06:03:36,272 WARN stopped: tracker (terminated by SIGTERM)
2025-05-21 06:03:36,273 WARN stopped: flask_app (terminated by SIGTERM)
2025-05-21 06:03:37,483 CRIT Supervisor is running as root.  Privileges were not dropped because no user is specified in the config file.  If you intend to run as root, you can set user=root in the config file to avoid this message.
2025-05-21 06:03:37,485 INFO supervisord started with pid 1
2025-05-21 06:03:38,489 INFO spawned: 'flask_app' with pid 7
2025-05-21 06:03:38,492 INFO spawned: 'tracker' with pid 8
2025-05-21 06:03:39,660 INFO success: flask_app entered RUNNING state, process has stayed up for > than 1 seconds (startsecs)
2025-05-21 06:03:39,661 INFO success: tracker entered RUNNING state, process has stayed up for > than 1 seconds (startsecs)
2025-05-21 06:03:45,668 WARN received SIGTERM indicating exit request
2025-05-21 06:03:45,669 INFO waiting for flask_app, tracker to die
2025-05-21 06:03:45,671 WARN stopped: tracker (terminated by SIGTERM)
2025-05-21 06:03:45,677 WARN stopped: flask_app (terminated by SIGTERM)
2025-05-21 06:03:46,611 CRIT Supervisor is running as root.  Privileges were not dropped because no user is specified in the config file.  If you intend to run as root, you can set user=root in the config file to avoid this message.
2025-05-21 06:03:46,613 INFO supervisord started with pid 1
2025-05-21 06:03:47,617 INFO spawned: 'flask_app' with pid 7
2025-05-21 06:03:47,620 INFO spawned: 'tracker' with pid 8
2025-05-21 06:03:47,645 WARN exited: tracker (exit status 1; not expected)
2025-05-21 06:03:48,735 INFO success: flask_app entered RUNNING state, process has stayed up for > than 1 seconds (startsecs)
2025-05-21 06:03:48,739 INFO spawned: 'tracker' with pid 9
2025-05-21 06:03:49,765 INFO success: tracker entered RUNNING state, process has stayed up for > than 1 seconds (startsecs)
2025-05-21 15:14:33,334 WARN received SIGTERM indicating exit request
2025-05-21 15:14:33,344 INFO waiting for flask_app, tracker to die
2025-05-21 15:14:33,345 WARN stopped: tracker (terminated by SIGTERM)
2025-05-21 15:14:33,351 WARN stopped: flask_app (terminated by SIGTERM)
2025-05-21 15:14:34,557 CRIT Supervisor is running as root.  Privileges were not dropped because no user is specified in the config file.  If you intend to run as root, you can set user=root in the config file to avoid this message.
2025-05-21 15:14:34,559 INFO supervisord started with pid 1
2025-05-21 15:14:35,563 INFO spawned: 'flask_app' with pid 7
2025-05-21 15:14:35,566 INFO spawned: 'tracker' with pid 8
2025-05-21 15:14:36,701 INFO success: flask_app entered RUNNING state, process has stayed up for > than 1 seconds (startsecs)
2025-05-21 15:14:36,701 INFO success: tracker entered RUNNING state, process has stayed up for > than 1 seconds (startsecs)
2025-05-21 15:14:51,719 WARN received SIGTERM indicating exit request
2025-05-21 15:14:51,719 INFO waiting for flask_app, tracker to die
2025-05-21 15:14:51,721 WARN stopped: tracker (terminated by SIGTERM)
2025-05-21 15:14:51,727 WARN stopped: flask_app (terminated by SIGTERM)
2025-05-21 15:14:52,758 CRIT Supervisor is running as root.  Privileges were not dropped because no user is specified in the config file.  If you intend to run as root, you can set user=root in the config file to avoid this message.
2025-05-21 15:14:52,759 INFO supervisord started with pid 1
2025-05-21 15:14:53,764 INFO spawned: 'flask_app' with pid 7
2025-05-21 15:14:53,766 INFO spawned: 'tracker' with pid 8
2025-05-21 15:14:53,788 WARN exited: tracker (exit status 1; not expected)
2025-05-21 15:14:54,885 INFO success: flask_app entered RUNNING state, process has stayed up for > than 1 seconds (startsecs)
2025-05-21 15:14:54,888 INFO spawned: 'tracker' with pid 9
2025-05-21 15:14:55,914 INFO success: tracker entered RUNNING state, process has stayed up for > than 1 seconds (startsecs)
2025-05-21 15:18:11,066 WARN received SIGTERM indicating exit request
2025-05-21 15:18:11,066 INFO waiting for flask_app, tracker to die
2025-05-21 15:18:11,068 WARN stopped: tracker (terminated by SIGTERM)
2025-05-21 15:18:11,073 WARN stopped: flask_app (terminated by SIGTERM)
2025-05-21 15:18:12,013 CRIT Supervisor is running as root.  Privileges were not dropped because no user is specified in the config file.  If you intend to run as root, you can set user=root in the config file to avoid this message.
2025-05-21 15:18:12,014 INFO supervisord started with pid 1
2025-05-21 15:18:13,016 INFO spawned: 'flask_app' with pid 7
2025-05-21 15:18:13,018 INFO spawned: 'tracker' with pid 8
2025-05-21 15:18:13,042 WARN exited: tracker (exit status 1; not expected)
2025-05-21 15:18:14,136 INFO success: flask_app entered RUNNING state, process has stayed up for > than 1 seconds (startsecs)
2025-05-21 15:18:14,139 INFO spawned: 'tracker' with pid 9
2025-05-21 15:18:15,164 INFO success: tracker entered RUNNING state, process has stayed up for > than 1 seconds (startsecs)
2025-05-21 15:20:59,185 WARN received SIGTERM indicating exit request
2025-05-21 15:20:59,186 INFO waiting for flask_app, tracker to die
2025-05-21 15:20:59,188 WARN stopped: tracker (terminated by SIGTERM)
2025-05-21 15:20:59,193 WARN stopped: flask_app (terminated by SIGTERM)
2025-05-21 15:21:00,081 CRIT Supervisor is running as root.  Privileges were not dropped because no user is specified in the config file.  If you intend to run as root, you can set user=root in the config file to avoid this message.
2025-05-21 15:21:00,082 INFO supervisord started with pid 1
2025-05-21 15:21:01,084 INFO spawned: 'flask_app' with pid 7
2025-05-21 15:21:01,085 INFO spawned: 'tracker' with pid 8
2025-05-21 15:21:02,201 INFO success: flask_app entered RUNNING state, process has stayed up for > than 1 seconds (startsecs)
2025-05-21 15:21:02,201 INFO success: tracker entered RUNNING state, process has stayed up for > than 1 seconds (startsecs)
2025-05-21 15:25:05,138 WARN received SIGTERM indicating exit request
2025-05-21 15:25:05,138 INFO waiting for flask_app, tracker to die
2025-05-21 15:25:05,139 WARN stopped: tracker (terminated by SIGTERM)
2025-05-21 15:25:05,141 WARN stopped: flask_app (terminated by SIGTERM)
2025-05-21 15:25:06,428 CRIT Supervisor is running as root.  Privileges were not dropped because no user is specified in the config file.  If you intend to run as root, you can set user=root in the config file to avoid this message.
2025-05-21 15:25:06,430 INFO supervisord started with pid 1
2025-05-21 15:25:07,432 INFO spawned: 'flask_app' with pid 7
2025-05-21 15:25:07,433 INFO spawned: 'tracker' with pid 8
2025-05-21 15:25:08,622 INFO success: flask_app entered RUNNING state, process has stayed up for > than 1 seconds (startsecs)
2025-05-21 15:25:08,623 INFO success: tracker entered RUNNING state, process has stayed up for > than 1 seconds (startsecs)
2025-05-21 15:25:52,495 WARN received SIGTERM indicating exit request
2025-05-21 15:25:52,495 INFO waiting for flask_app, tracker to die
2025-05-21 15:25:52,496 WARN stopped: tracker (terminated by SIGTERM)
2025-05-21 15:25:52,498 WARN stopped: flask_app (terminated by SIGTERM)
2025-05-21 15:25:53,711 CRIT Supervisor is running as root.  Privileges were not dropped because no user is specified in the config file.  If you intend to run as root, you can set user=root in the config file to avoid this message.
2025-05-21 15:25:53,713 INFO supervisord started with pid 1
2025-05-21 15:25:54,715 INFO spawned: 'flask_app' with pid 7
2025-05-21 15:25:54,717 INFO spawned: 'tracker' with pid 8
2025-05-21 15:25:55,943 INFO success: flask_app entered RUNNING state, process has stayed up for > than 1 seconds (startsecs)
2025-05-21 15:25:55,944 INFO success: tracker entered RUNNING state, process has stayed up for > than 1 seconds (startsecs)
2025-05-21 15:27:55,801 WARN exited: tracker (exit status 1; not expected)
2025-05-21 15:27:55,803 INFO spawned: 'tracker' with pid 10
2025-05-21 15:27:56,845 INFO success: tracker entered RUNNING state, process has stayed up for > than 1 seconds (startsecs)
2025-05-21 15:27:56,845 WARN exited: tracker (exit status 1; not expected)
2025-05-21 15:27:57,848 INFO spawned: 'tracker' with pid 11
2025-05-21 15:27:58,892 INFO success: tracker entered RUNNING state, process has stayed up for > than 1 seconds (startsecs)
2025-05-21 15:27:58,893 WARN exited: tracker (exit status 1; not expected)
2025-05-21 15:27:59,895 INFO spawned: 'tracker' with pid 12
2025-05-21 15:27:59,928 WARN exited: tracker (exit status 1; not expected)
2025-05-21 15:28:00,930 INFO spawned: 'tracker' with pid 13
2025-05-21 15:28:01,979 INFO success: tracker entered RUNNING state, process has stayed up for > than 1 seconds (startsecs)
2025-05-21 15:28:01,979 WARN exited: tracker (exit status 1; not expected)
2025-05-21 15:28:02,982 INFO spawned: 'tracker' with pid 14
2025-05-21 15:28:04,024 INFO success: tracker entered RUNNING state, process has stayed up for > than 1 seconds (startsecs)
2025-05-21 15:28:04,024 WARN exited: tracker (exit status 1; not expected)
2025-05-21 15:28:05,026 INFO spawned: 'tracker' with pid 15
2025-05-21 15:28:06,075 INFO success: tracker entered RUNNING state, process has stayed up for > than 1 seconds (startsecs)
2025-05-21 15:28:06,075 WARN exited: tracker (exit status 1; not expected)
2025-05-21 15:28:07,077 INFO spawned: 'tracker' with pid 16
2025-05-21 15:28:08,118 INFO success: tracker entered RUNNING state, process has stayed up for > than 1 seconds (startsecs)
2025-05-21 15:28:08,118 WARN exited: tracker (exit status 1; not expected)
2025-05-21 15:28:09,120 INFO spawned: 'tracker' with pid 17
2025-05-21 15:28:10,161 INFO success: tracker entered RUNNING state, process has stayed up for > than 1 seconds (startsecs)
2025-05-21 15:28:10,161 WARN exited: tracker (exit status 1; not expected)
2025-05-21 15:28:11,164 INFO spawned: 'tracker' with pid 18
2025-05-21 15:28:12,205 INFO success: tracker entered RUNNING state, process has stayed up for > than 1 seconds (startsecs)
2025-05-21 15:28:12,205 WARN exited: tracker (exit status 1; not expected)
2025-05-21 15:28:13,208 INFO spawned: 'tracker' with pid 19
2025-05-21 15:28:13,240 WARN exited: tracker (exit status 1; not expected)
2025-05-21 15:28:14,242 INFO spawned: 'tracker' with pid 20
2025-05-21 15:28:15,284 INFO success: tracker entered RUNNING state, process has stayed up for > than 1 seconds (startsecs)
2025-05-21 15:28:15,284 WARN exited: tracker (exit status 1; not expected)
2025-05-21 15:28:16,286 INFO spawned: 'tracker' with pid 21
2025-05-21 15:28:17,328 INFO success: tracker entered RUNNING state, process has stayed up for > than 1 seconds (startsecs)
2025-05-21 15:28:17,328 WARN exited: tracker (exit status 1; not expected)
2025-05-21 15:28:18,330 INFO spawned: 'tracker' with pid 22
2025-05-21 15:28:19,370 INFO success: tracker entered RUNNING state, process has stayed up for > than 1 seconds (startsecs)
2025-05-21 15:28:19,371 WARN exited: tracker (exit status 1; not expected)
2025-05-21 15:28:20,373 INFO spawned: 'tracker' with pid 23
2025-05-21 15:28:21,415 INFO success: tracker entered RUNNING state, process has stayed up for > than 1 seconds (startsecs)
2025-05-21 15:28:21,416 WARN exited: tracker (exit status 1; not expected)
2025-05-21 15:28:22,418 INFO spawned: 'tracker' with pid 24
2025-05-21 15:28:23,462 INFO success: tracker entered RUNNING state, process has stayed up for > than 1 seconds (startsecs)
2025-05-21 15:28:23,462 WARN exited: tracker (exit status 1; not expected)
2025-05-21 15:28:24,465 INFO spawned: 'tracker' with pid 25
2025-05-21 15:28:25,505 INFO success: tracker entered RUNNING state, process has stayed up for > than 1 seconds (startsecs)
2025-05-21 15:28:25,505 WARN exited: tracker (exit status 1; not expected)
2025-05-21 15:28:26,508 INFO spawned: 'tracker' with pid 26
2025-05-21 15:28:27,550 INFO success: tracker entered RUNNING state, process has stayed up for > than 1 seconds (startsecs)
2025-05-21 15:28:27,551 WARN exited: tracker (exit status 1; not expected)
2025-05-21 15:28:28,553 INFO spawned: 'tracker' with pid 27
2025-05-21 15:28:29,594 INFO success: tracker entered RUNNING state, process has stayed up for > than 1 seconds (startsecs)
2025-05-21 15:28:29,595 WARN exited: tracker (exit status 1; not expected)
2025-05-21 15:28:30,597 INFO spawned: 'tracker' with pid 28
2025-05-21 15:28:31,637 INFO success: tracker entered RUNNING state, process has stayed up for > than 1 seconds (startsecs)
2025-05-21 15:28:31,637 WARN exited: tracker (exit status 1; not expected)
2025-05-21 15:28:32,640 INFO spawned: 'tracker' with pid 29
2025-05-21 15:28:33,683 INFO success: tracker entered RUNNING state, process has stayed up for > than 1 seconds (startsecs)
2025-05-21 15:28:33,683 WARN exited: tracker (exit status 1; not expected)
2025-05-21 15:28:34,685 INFO spawned: 'tracker' with pid 30
2025-05-21 15:28:35,728 INFO success: tracker entered RUNNING state, process has stayed up for > than 1 seconds (startsecs)
2025-05-21 15:28:35,728 WARN exited: tracker (exit status 1; not expected)
2025-05-21 15:28:36,730 INFO spawned: 'tracker' with pid 31
2025-05-21 15:28:37,771 INFO success: tracker entered RUNNING state, process has stayed up for > than 1 seconds (startsecs)
2025-05-21 15:28:37,772 WARN exited: tracker (exit status 1; not expected)
2025-05-21 15:28:38,774 INFO spawned: 'tracker' with pid 32
2025-05-21 15:28:39,816 INFO success: tracker entered RUNNING state, process has stayed up for > than 1 seconds (startsecs)
2025-05-21 15:28:39,817 WARN exited: tracker (exit status 1; not expected)
2025-05-21 15:28:40,818 INFO spawned: 'tracker' with pid 33
2025-05-21 15:28:41,860 INFO success: tracker entered RUNNING state, process has stayed up for > than 1 seconds (startsecs)
2025-05-21 15:28:41,860 WARN exited: tracker (exit status 1; not expected)
2025-05-21 15:28:42,862 INFO spawned: 'tracker' with pid 34
2025-05-21 15:28:43,904 INFO success: tracker entered RUNNING state, process has stayed up for > than 1 seconds (startsecs)
2025-05-21 15:28:43,904 WARN exited: tracker (exit status 1; not expected)
2025-05-21 15:28:44,906 INFO spawned: 'tracker' with pid 35
2025-05-21 15:28:45,947 INFO success: tracker entered RUNNING state, process has stayed up for > than 1 seconds (startsecs)
2025-05-21 15:28:45,948 WARN exited: tracker (exit status 1; not expected)
2025-05-21 15:28:46,950 INFO spawned: 'tracker' with pid 36
2025-05-21 15:28:47,993 INFO success: tracker entered RUNNING state, process has stayed up for > than 1 seconds (startsecs)
2025-05-21 15:28:47,993 WARN exited: tracker (exit status 1; not expected)
2025-05-21 15:28:48,995 INFO spawned: 'tracker' with pid 37
2025-05-21 15:28:50,037 INFO success: tracker entered RUNNING state, process has stayed up for > than 1 seconds (startsecs)
2025-05-21 15:28:50,037 WARN exited: tracker (exit status 1; not expected)
2025-05-21 15:28:51,040 INFO spawned: 'tracker' with pid 38
2025-05-21 15:28:52,082 INFO success: tracker entered RUNNING state, process has stayed up for > than 1 seconds (startsecs)
2025-05-21 15:28:52,083 WARN exited: tracker (exit status 1; not expected)
2025-05-21 15:28:53,084 INFO spawned: 'tracker' with pid 39
2025-05-21 15:28:54,125 INFO success: tracker entered RUNNING state, process has stayed up for > than 1 seconds (startsecs)
2025-05-21 15:28:54,125 WARN exited: tracker (exit status 1; not expected)
2025-05-21 15:28:55,128 INFO spawned: 'tracker' with pid 40
2025-05-21 15:28:56,169 INFO success: tracker entered RUNNING state, process has stayed up for > than 1 seconds (startsecs)
2025-05-21 15:28:56,169 WARN exited: tracker (exit status 1; not expected)
2025-05-21 15:28:57,172 INFO spawned: 'tracker' with pid 41
2025-05-21 15:28:58,213 INFO success: tracker entered RUNNING state, process has stayed up for > than 1 seconds (startsecs)
2025-05-21 15:28:58,213 WARN exited: tracker (exit status 1; not expected)
2025-05-21 15:28:59,216 INFO spawned: 'tracker' with pid 42
2025-05-21 15:29:00,257 INFO success: tracker entered RUNNING state, process has stayed up for > than 1 seconds (startsecs)
2025-05-21 15:29:00,257 WARN exited: tracker (exit status 1; not expected)
2025-05-21 15:29:01,260 INFO spawned: 'tracker' with pid 43
2025-05-21 15:29:02,301 INFO success: tracker entered RUNNING state, process has stayed up for > than 1 seconds (startsecs)
2025-05-21 15:29:02,301 WARN exited: tracker (exit status 1; not expected)
2025-05-21 15:29:03,304 INFO spawned: 'tracker' with pid 44
2025-05-21 15:29:04,345 INFO success: tracker entered RUNNING state, process has stayed up for > than 1 seconds (startsecs)
2025-05-21 15:29:04,345 WARN exited: tracker (exit status 1; not expected)
2025-05-21 15:29:05,348 INFO spawned: 'tracker' with pid 45
2025-05-21 15:29:06,390 INFO success: tracker entered RUNNING state, process has stayed up for > than 1 seconds (startsecs)
2025-05-21 15:29:06,390 WARN exited: tracker (exit status 1; not expected)
2025-05-21 15:29:07,392 INFO spawned: 'tracker' with pid 46
2025-05-21 15:29:08,435 INFO success: tracker entered RUNNING state, process has stayed up for > than 1 seconds (startsecs)
2025-05-21 15:29:08,436 WARN exited: tracker (exit status 1; not expected)
2025-05-21 15:29:09,438 INFO spawned: 'tracker' with pid 47
2025-05-21 15:29:10,481 INFO success: tracker entered RUNNING state, process has stayed up for > than 1 seconds (startsecs)
2025-05-21 15:29:10,481 WARN exited: tracker (exit status 1; not expected)
2025-05-21 15:29:11,483 INFO spawned: 'tracker' with pid 48
2025-05-21 15:29:12,525 INFO success: tracker entered RUNNING state, process has stayed up for > than 1 seconds (startsecs)
2025-05-21 15:29:12,525 WARN exited: tracker (exit status 1; not expected)
2025-05-21 15:29:13,527 INFO spawned: 'tracker' with pid 49
2025-05-21 15:29:14,569 INFO success: tracker entered RUNNING state, process has stayed up for > than 1 seconds (startsecs)
2025-05-21 15:29:14,569 WARN exited: tracker (exit status 1; not expected)
2025-05-21 15:29:15,572 INFO spawned: 'tracker' with pid 50
2025-05-21 15:29:16,614 INFO success: tracker entered RUNNING state, process has stayed up for > than 1 seconds (startsecs)
2025-05-21 15:29:16,614 WARN exited: tracker (exit status 1; not expected)
2025-05-21 15:29:17,616 INFO spawned: 'tracker' with pid 51
2025-05-21 15:29:18,659 INFO success: tracker entered RUNNING state, process has stayed up for > than 1 seconds (startsecs)
2025-05-21 15:29:18,659 WARN exited: tracker (exit status 1; not expected)
2025-05-21 15:29:19,661 INFO spawned: 'tracker' with pid 52
2025-05-21 15:29:20,702 INFO success: tracker entered RUNNING state, process has stayed up for > than 1 seconds (startsecs)
2025-05-21 15:29:20,703 WARN exited: tracker (exit status 1; not expected)
2025-05-21 15:29:21,705 INFO spawned: 'tracker' with pid 53
2025-05-21 15:29:21,746 WARN exited: tracker (exit status 1; not expected)
2025-05-21 15:29:22,748 INFO spawned: 'tracker' with pid 54
2025-05-21 15:29:23,789 INFO success: tracker entered RUNNING state, process has stayed up for > than 1 seconds (startsecs)
2025-05-21 15:29:23,789 WARN exited: tracker (exit status 1; not expected)
2025-05-21 15:29:24,792 INFO spawned: 'tracker' with pid 55
2025-05-21 15:29:25,841 INFO success: tracker entered RUNNING state, process has stayed up for > than 1 seconds (startsecs)
2025-05-21 15:29:25,841 WARN exited: tracker (exit status 1; not expected)
2025-05-21 15:29:26,844 INFO spawned: 'tracker' with pid 56
2025-05-21 15:29:27,885 INFO success: tracker entered RUNNING state, process has stayed up for > than 1 seconds (startsecs)
2025-05-21 15:29:27,885 WARN exited: tracker (exit status 1; not expected)
2025-05-21 15:29:28,888 INFO spawned: 'tracker' with pid 57
2025-05-21 15:29:29,929 INFO success: tracker entered RUNNING state, process has stayed up for > than 1 seconds (startsecs)
2025-05-21 15:29:29,929 WARN exited: tracker (exit status 1; not expected)
2025-05-21 15:29:30,932 INFO spawned: 'tracker' with pid 58
2025-05-21 15:29:31,972 INFO success: tracker entered RUNNING state, process has stayed up for > than 1 seconds (startsecs)
2025-05-21 15:29:31,973 WARN exited: tracker (exit status 1; not expected)
2025-05-21 15:29:32,974 INFO spawned: 'tracker' with pid 59
2025-05-21 15:29:34,015 INFO success: tracker entered RUNNING state, process has stayed up for > than 1 seconds (startsecs)
2025-05-21 15:29:34,016 WARN exited: tracker (exit status 1; not expected)
2025-05-21 15:29:35,018 INFO spawned: 'tracker' with pid 60
2025-05-21 15:29:36,061 INFO success: tracker entered RUNNING state, process has stayed up for > than 1 seconds (startsecs)
2025-05-21 15:29:36,061 WARN exited: tracker (exit status 1; not expected)
2025-05-21 15:29:37,064 INFO spawned: 'tracker' with pid 61
2025-05-21 15:29:38,106 INFO success: tracker entered RUNNING state, process has stayed up for > than 1 seconds (startsecs)
2025-05-21 15:29:38,107 WARN exited: tracker (exit status 1; not expected)
2025-05-21 15:29:39,109 INFO spawned: 'tracker' with pid 62
2025-05-21 15:29:40,149 INFO success: tracker entered RUNNING state, process has stayed up for > than 1 seconds (startsecs)
2025-05-21 15:29:40,149 WARN exited: tracker (exit status 1; not expected)
2025-05-21 15:29:41,152 INFO spawned: 'tracker' with pid 63
2025-05-21 15:29:42,193 INFO success: tracker entered RUNNING state, process has stayed up for > than 1 seconds (startsecs)
2025-05-21 15:29:42,193 WARN exited: tracker (exit status 1; not expected)
2025-05-21 15:29:43,195 INFO spawned: 'tracker' with pid 64
2025-05-21 15:29:44,237 INFO success: tracker entered RUNNING state, process has stayed up for > than 1 seconds (startsecs)
2025-05-21 15:29:44,237 WARN exited: tracker (exit status 1; not expected)
2025-05-21 15:29:45,240 INFO spawned: 'tracker' with pid 65
2025-05-21 15:29:46,281 INFO success: tracker entered RUNNING state, process has stayed up for > than 1 seconds (startsecs)
2025-05-21 15:29:46,282 WARN exited: tracker (exit status 1; not expected)
2025-05-21 15:29:47,283 INFO spawned: 'tracker' with pid 66
2025-05-21 15:29:48,325 INFO success: tracker entered RUNNING state, process has stayed up for > than 1 seconds (startsecs)
2025-05-21 15:29:48,325 WARN exited: tracker (exit status 1; not expected)
2025-05-21 15:29:49,328 INFO spawned: 'tracker' with pid 67
2025-05-21 15:29:50,369 INFO success: tracker entered RUNNING state, process has stayed up for > than 1 seconds (startsecs)
2025-05-21 15:29:50,369 WARN exited: tracker (exit status 1; not expected)
2025-05-21 15:29:51,372 INFO spawned: 'tracker' with pid 68
2025-05-21 15:29:52,414 INFO success: tracker entered RUNNING state, process has stayed up for > than 1 seconds (startsecs)
2025-05-21 15:29:52,415 WARN exited: tracker (exit status 1; not expected)
2025-05-21 15:29:53,417 INFO spawned: 'tracker' with pid 69
2025-05-21 15:29:54,459 INFO success: tracker entered RUNNING state, process has stayed up for > than 1 seconds (startsecs)
2025-05-21 15:29:54,459 WARN exited: tracker (exit status 1; not expected)
2025-05-21 15:29:55,462 INFO spawned: 'tracker' with pid 70
2025-05-21 15:29:56,505 INFO success: tracker entered RUNNING state, process has stayed up for > than 1 seconds (startsecs)
2025-05-21 15:29:56,505 WARN exited: tracker (exit status 1; not expected)
2025-05-21 15:29:57,507 INFO spawned: 'tracker' with pid 71
2025-05-21 15:29:58,549 INFO success: tracker entered RUNNING state, process has stayed up for > than 1 seconds (startsecs)
2025-05-21 15:29:58,549 WARN exited: tracker (exit status 1; not expected)
2025-05-21 15:29:59,552 INFO spawned: 'tracker' with pid 72
2025-05-21 15:30:00,595 INFO success: tracker entered RUNNING state, process has stayed up for > than 1 seconds (startsecs)
2025-05-21 15:30:00,595 WARN exited: tracker (exit status 1; not expected)
2025-05-21 15:30:01,597 INFO spawned: 'tracker' with pid 73
2025-05-21 15:30:02,640 INFO success: tracker entered RUNNING state, process has stayed up for > than 1 seconds (startsecs)
2025-05-21 15:30:02,640 WARN exited: tracker (exit status 1; not expected)
2025-05-21 15:30:03,642 INFO spawned: 'tracker' with pid 74
2025-05-21 15:30:04,683 INFO success: tracker entered RUNNING state, process has stayed up for > than 1 seconds (startsecs)
2025-05-21 15:30:04,683 WARN exited: tracker (exit status 1; not expected)
2025-05-21 15:30:05,686 INFO spawned: 'tracker' with pid 75
2025-05-21 15:30:06,728 INFO success: tracker entered RUNNING state, process has stayed up for > than 1 seconds (startsecs)
2025-05-21 15:30:06,728 WARN exited: tracker (exit status 1; not expected)
2025-05-21 15:30:07,730 INFO spawned: 'tracker' with pid 76
2025-05-21 15:30:08,772 INFO success: tracker entered RUNNING state, process has stayed up for > than 1 seconds (startsecs)
2025-05-21 15:30:08,772 WARN exited: tracker (exit status 1; not expected)
2025-05-21 15:30:09,774 INFO spawned: 'tracker' with pid 77
2025-05-21 15:30:10,815 INFO success: tracker entered RUNNING state, process has stayed up for > than 1 seconds (startsecs)
2025-05-21 15:30:10,815 WARN exited: tracker (exit status 1; not expected)
2025-05-21 15:30:11,817 INFO spawned: 'tracker' with pid 78
2025-05-21 15:30:12,857 INFO success: tracker entered RUNNING state, process has stayed up for > than 1 seconds (startsecs)
2025-05-21 15:30:12,857 WARN exited: tracker (exit status 1; not expected)
2025-05-21 15:30:13,860 INFO spawned: 'tracker' with pid 79
2025-05-21 15:30:14,900 INFO success: tracker entered RUNNING state, process has stayed up for > than 1 seconds (startsecs)
2025-05-21 15:30:14,901 WARN exited: tracker (exit status 1; not expected)
2025-05-21 15:30:15,903 INFO spawned: 'tracker' with pid 80
2025-05-21 15:30:15,933 WARN exited: tracker (exit status 1; not expected)
2025-05-21 15:30:16,934 INFO spawned: 'tracker' with pid 81
2025-05-21 15:30:17,973 INFO success: tracker entered RUNNING state, process has stayed up for > than 1 seconds (startsecs)
2025-05-21 15:30:17,973 WARN exited: tracker (exit status 1; not expected)
2025-05-21 15:30:18,976 INFO spawned: 'tracker' with pid 82
2025-05-21 15:30:20,017 INFO success: tracker entered RUNNING state, process has stayed up for > than 1 seconds (startsecs)
2025-05-21 15:30:20,017 WARN exited: tracker (exit status 1; not expected)
2025-05-21 15:30:21,020 INFO spawned: 'tracker' with pid 83
2025-05-21 15:30:22,061 INFO success: tracker entered RUNNING state, process has stayed up for > than 1 seconds (startsecs)
2025-05-21 15:30:22,061 WARN exited: tracker (exit status 1; not expected)
2025-05-21 15:30:23,063 INFO spawned: 'tracker' with pid 84
2025-05-21 15:30:24,104 INFO success: tracker entered RUNNING state, process has stayed up for > than 1 seconds (startsecs)
2025-05-21 15:30:24,104 WARN exited: tracker (exit status 1; not expected)
2025-05-21 15:30:25,106 INFO spawned: 'tracker' with pid 85
2025-05-21 15:30:26,145 INFO success: tracker entered RUNNING state, process has stayed up for > than 1 seconds (startsecs)
2025-05-21 15:30:26,145 WARN exited: tracker (exit status 1; not expected)
2025-05-21 15:30:27,149 INFO spawned: 'tracker' with pid 86
2025-05-21 15:30:27,175 WARN exited: tracker (exit status 1; not expected)
2025-05-21 15:30:28,180 INFO spawned: 'tracker' with pid 87
2025-05-21 15:30:28,206 WARN exited: tracker (exit status 1; not expected)
2025-05-21 15:30:30,211 INFO spawned: 'tracker' with pid 88
2025-05-21 15:30:30,238 WARN exited: tracker (exit status 1; not expected)
2025-05-21 15:30:33,244 INFO spawned: 'tracker' with pid 89
2025-05-21 15:30:33,271 WARN exited: tracker (exit status 1; not expected)
2025-05-21 15:30:34,272 INFO gave up: tracker entered FATAL state, too many start retries too quickly
2025-05-21 15:31:33,342 WARN received SIGTERM indicating exit request
2025-05-21 15:31:33,343 INFO waiting for flask_app to die
2025-05-21 15:31:34,349 WARN stopped: flask_app (terminated by SIGTERM)
2025-05-21 15:31:35,352 CRIT Supervisor is running as root.  Privileges were not dropped because no user is specified in the config file.  If you intend to run as root, you can set user=root in the config file to avoid this message.
2025-05-21 15:31:35,353 INFO supervisord started with pid 1
2025-05-21 15:31:36,357 INFO spawned: 'flask_app' with pid 7
2025-05-21 15:31:36,361 INFO spawned: 'tracker' with pid 8
2025-05-21 15:31:36,384 WARN exited: tracker (exit status 1; not expected)
2025-05-21 15:31:37,477 INFO success: flask_app entered RUNNING state, process has stayed up for > than 1 seconds (startsecs)
2025-05-21 15:31:37,481 INFO spawned: 'tracker' with pid 9
2025-05-21 15:31:38,505 INFO success: tracker entered RUNNING state, process has stayed up for > than 1 seconds (startsecs)
2025-05-21 15:37:18,538 WARN exited: tracker (exit status 1; not expected)
2025-05-21 15:37:19,543 INFO spawned: 'tracker' with pid 11
2025-05-21 15:37:19,569 WARN exited: tracker (exit status 1; not expected)
2025-05-21 15:37:20,573 INFO spawned: 'tracker' with pid 12
2025-05-21 15:37:20,598 WARN exited: tracker (exit status 1; not expected)
2025-05-21 15:37:21,600 WARN received SIGTERM indicating exit request
2025-05-21 15:37:21,600 INFO waiting for flask_app to die
2025-05-21 15:37:22,607 WARN stopped: flask_app (terminated by SIGTERM)
2025-05-21 15:37:23,515 CRIT Supervisor is running as root.  Privileges were not dropped because no user is specified in the config file.  If you intend to run as root, you can set user=root in the config file to avoid this message.
2025-05-21 15:37:23,516 INFO supervisord started with pid 1
2025-05-21 15:37:24,520 INFO spawned: 'flask_app' with pid 7
2025-05-21 15:37:24,523 INFO spawned: 'tracker' with pid 8
2025-05-21 15:37:24,545 WARN exited: tracker (exit status 1; not expected)
2025-05-21 15:37:25,637 INFO success: flask_app entered RUNNING state, process has stayed up for > than 1 seconds (startsecs)
2025-05-21 15:37:25,641 INFO spawned: 'tracker' with pid 9
2025-05-21 15:37:26,665 INFO success: tracker entered RUNNING state, process has stayed up for > than 1 seconds (startsecs)
2025-05-21 15:47:31,705 WARN received SIGTERM indicating exit request
2025-05-21 15:47:31,705 INFO waiting for flask_app, tracker to die
2025-05-21 15:47:31,707 WARN stopped: tracker (terminated by SIGTERM)
2025-05-21 15:47:31,713 WARN stopped: flask_app (terminated by SIGTERM)
2025-05-21 15:47:32,672 CRIT Supervisor is running as root.  Privileges were not dropped because no user is specified in the config file.  If you intend to run as root, you can set user=root in the config file to avoid this message.
2025-05-21 15:47:32,673 INFO supervisord started with pid 1
2025-05-21 15:47:33,674 INFO spawned: 'flask_app' with pid 6
2025-05-21 15:47:33,676 INFO spawned: 'tracker' with pid 7
2025-05-21 15:47:34,791 INFO success: flask_app entered RUNNING state, process has stayed up for > than 1 seconds (startsecs)
2025-05-21 15:47:34,791 INFO success: tracker entered RUNNING state, process has stayed up for > than 1 seconds (startsecs)
2025-05-21 15:53:09,724 WARN received SIGTERM indicating exit request
2025-05-21 15:53:09,724 INFO waiting for flask_app, tracker to die
2025-05-21 15:53:09,726 WARN stopped: tracker (terminated by SIGTERM)
2025-05-21 15:53:09,732 WARN stopped: flask_app (terminated by SIGTERM)
2025-05-21 15:53:10,670 CRIT Supervisor is running as root.  Privileges were not dropped because no user is specified in the config file.  If you intend to run as root, you can set user=root in the config file to avoid this message.
2025-05-21 15:53:10,672 INFO supervisord started with pid 1
2025-05-21 15:53:11,676 INFO spawned: 'flask_app' with pid 7
2025-05-21 15:53:11,679 INFO spawned: 'tracker' with pid 8
2025-05-21 15:53:11,706 WARN exited: tracker (exit status 1; not expected)
2025-05-21 15:53:12,795 INFO success: flask_app entered RUNNING state, process has stayed up for > than 1 seconds (startsecs)
2025-05-21 15:53:12,798 INFO spawned: 'tracker' with pid 9
2025-05-21 15:53:13,826 INFO success: tracker entered RUNNING state, process has stayed up for > than 1 seconds (startsecs)
2025-05-21 15:56:04,836 WARN received SIGTERM indicating exit request
2025-05-21 15:56:04,837 INFO waiting for flask_app, tracker to die
2025-05-21 15:56:04,839 WARN stopped: tracker (terminated by SIGTERM)
2025-05-21 15:56:04,844 WARN stopped: flask_app (terminated by SIGTERM)
2025-05-21 15:56:05,816 CRIT Supervisor is running as root.  Privileges were not dropped because no user is specified in the config file.  If you intend to run as root, you can set user=root in the config file to avoid this message.
2025-05-21 15:56:05,817 INFO supervisord started with pid 1
2025-05-21 15:56:06,821 INFO spawned: 'flask_app' with pid 7
2025-05-21 15:56:06,826 INFO spawned: 'tracker' with pid 8
2025-05-21 15:56:07,940 INFO success: flask_app entered RUNNING state, process has stayed up for > than 1 seconds (startsecs)
2025-05-21 15:56:07,940 INFO success: tracker entered RUNNING state, process has stayed up for > than 1 seconds (startsecs)
2025-05-21 15:56:13,948 WARN received SIGTERM indicating exit request
2025-05-21 15:56:13,949 INFO waiting for flask_app, tracker to die
2025-05-21 15:56:13,950 WARN stopped: tracker (terminated by SIGTERM)
2025-05-21 15:56:13,956 WARN stopped: flask_app (terminated by SIGTERM)
2025-05-21 15:56:14,908 CRIT Supervisor is running as root.  Privileges were not dropped because no user is specified in the config file.  If you intend to run as root, you can set user=root in the config file to avoid this message.
2025-05-21 15:56:14,909 INFO supervisord started with pid 1
2025-05-21 15:56:15,914 INFO spawned: 'flask_app' with pid 8
2025-05-21 15:56:15,919 INFO spawned: 'tracker' with pid 9
2025-05-21 15:56:15,948 WARN exited: tracker (exit status 1; not expected)
2025-05-21 15:56:17,037 INFO success: flask_app entered RUNNING state, process has stayed up for > than 1 seconds (startsecs)
2025-05-21 15:56:17,041 INFO spawned: 'tracker' with pid 10
2025-05-21 15:56:18,066 INFO success: tracker entered RUNNING state, process has stayed up for > than 1 seconds (startsecs)
2025-05-21 15:57:45,078 WARN received SIGTERM indicating exit request
2025-05-21 15:57:45,079 INFO waiting for flask_app, tracker to die
2025-05-21 15:57:45,080 WARN stopped: tracker (terminated by SIGTERM)
2025-05-21 15:57:45,086 WARN stopped: flask_app (terminated by SIGTERM)
2025-05-21 15:57:46,123 CRIT Supervisor is running as root.  Privileges were not dropped because no user is specified in the config file.  If you intend to run as root, you can set user=root in the config file to avoid this message.
2025-05-21 15:57:46,124 INFO supervisord started with pid 1
2025-05-21 15:57:47,126 INFO spawned: 'flask_app' with pid 6
2025-05-21 15:57:47,128 INFO spawned: 'tracker' with pid 7
2025-05-21 15:57:48,242 INFO success: flask_app entered RUNNING state, process has stayed up for > than 1 seconds (startsecs)
2025-05-21 15:57:48,243 INFO success: tracker entered RUNNING state, process has stayed up for > than 1 seconds (startsecs)
2025-05-21 15:59:18,158 WARN received SIGTERM indicating exit request
2025-05-21 15:59:18,159 INFO waiting for flask_app, tracker to die
2025-05-21 15:59:18,159 WARN stopped: tracker (terminated by SIGTERM)
2025-05-21 15:59:18,161 WARN stopped: flask_app (terminated by SIGTERM)
2025-05-21 15:59:19,082 CRIT Supervisor is running as root.  Privileges were not dropped because no user is specified in the config file.  If you intend to run as root, you can set user=root in the config file to avoid this message.
2025-05-21 15:59:19,083 INFO supervisord started with pid 1
2025-05-21 15:59:20,088 INFO spawned: 'flask_app' with pid 7
2025-05-21 15:59:20,091 INFO spawned: 'tracker' with pid 8
2025-05-21 15:59:20,116 WARN exited: tracker (exit status 1; not expected)
2025-05-21 15:59:21,205 INFO success: flask_app entered RUNNING state, process has stayed up for > than 1 seconds (startsecs)
2025-05-21 15:59:21,206 INFO spawned: 'tracker' with pid 9
2025-05-21 15:59:22,230 INFO success: tracker entered RUNNING state, process has stayed up for > than 1 seconds (startsecs)
2025-05-21 16:02:08,245 WARN received SIGTERM indicating exit request
2025-05-21 16:02:08,245 INFO waiting for flask_app, tracker to die
2025-05-21 16:02:08,246 WARN stopped: tracker (terminated by SIGTERM)
2025-05-21 16:02:08,247 WARN stopped: flask_app (terminated by SIGTERM)
2025-05-21 16:02:09,236 CRIT Supervisor is running as root.  Privileges were not dropped because no user is specified in the config file.  If you intend to run as root, you can set user=root in the config file to avoid this message.
2025-05-21 16:02:09,238 INFO supervisord started with pid 1
2025-05-21 16:02:10,242 INFO spawned: 'flask_app' with pid 7
2025-05-21 16:02:10,245 INFO spawned: 'tracker' with pid 8
2025-05-21 16:02:11,363 INFO success: flask_app entered RUNNING state, process has stayed up for > than 1 seconds (startsecs)
2025-05-21 16:02:11,363 INFO success: tracker entered RUNNING state, process has stayed up for > than 1 seconds (startsecs)
2025-05-21 16:08:00,283 WARN received SIGTERM indicating exit request
2025-05-21 16:08:00,284 INFO waiting for flask_app, tracker to die
2025-05-21 16:08:00,285 WARN stopped: tracker (terminated by SIGTERM)
2025-05-21 16:08:00,291 WARN stopped: flask_app (terminated by SIGTERM)
2025-05-21 16:08:01,265 CRIT Supervisor is running as root.  Privileges were not dropped because no user is specified in the config file.  If you intend to run as root, you can set user=root in the config file to avoid this message.
2025-05-21 16:08:01,267 INFO supervisord started with pid 1
2025-05-21 16:08:02,271 INFO spawned: 'flask_app' with pid 7
2025-05-21 16:08:02,274 INFO spawned: 'tracker' with pid 8
2025-05-21 16:08:03,391 INFO success: flask_app entered RUNNING state, process has stayed up for > than 1 seconds (startsecs)
2025-05-21 16:08:03,391 INFO success: tracker entered RUNNING state, process has stayed up for > than 1 seconds (startsecs)
2025-05-21 16:09:51,325 WARN received SIGTERM indicating exit request
2025-05-21 16:09:51,325 INFO waiting for flask_app, tracker to die
2025-05-21 16:09:51,327 WARN stopped: tracker (terminated by SIGTERM)
2025-05-21 16:09:51,332 WARN stopped: flask_app (terminated by SIGTERM)
2025-05-21 16:09:52,320 CRIT Supervisor is running as root.  Privileges were not dropped because no user is specified in the config file.  If you intend to run as root, you can set user=root in the config file to avoid this message.
2025-05-21 16:09:52,321 INFO supervisord started with pid 1
2025-05-21 16:09:53,324 INFO spawned: 'flask_app' with pid 7
2025-05-21 16:09:53,329 INFO spawned: 'tracker' with pid 8
2025-05-21 16:09:54,443 INFO success: flask_app entered RUNNING state, process has stayed up for > than 1 seconds (startsecs)
2025-05-21 16:09:54,444 INFO success: tracker entered RUNNING state, process has stayed up for > than 1 seconds (startsecs)
2025-05-21 16:12:09,379 WARN received SIGTERM indicating exit request
2025-05-21 16:12:09,380 INFO waiting for flask_app, tracker to die
2025-05-21 16:12:09,382 WARN stopped: tracker (terminated by SIGTERM)
2025-05-21 16:12:09,387 WARN stopped: flask_app (terminated by SIGTERM)
2025-05-21 16:12:10,427 CRIT Supervisor is running as root.  Privileges were not dropped because no user is specified in the config file.  If you intend to run as root, you can set user=root in the config file to avoid this message.
2025-05-21 16:12:10,428 INFO supervisord started with pid 1
2025-05-21 16:12:11,432 INFO spawned: 'flask_app' with pid 7
2025-05-21 16:12:11,435 INFO spawned: 'tracker' with pid 8
2025-05-21 16:12:11,460 WARN exited: tracker (exit status 1; not expected)
2025-05-21 16:12:12,550 INFO success: flask_app entered RUNNING state, process has stayed up for > than 1 seconds (startsecs)
2025-05-21 16:12:12,554 INFO spawned: 'tracker' with pid 9
2025-05-21 16:12:13,580 INFO success: tracker entered RUNNING state, process has stayed up for > than 1 seconds (startsecs)
2025-05-22 10:50:54,022 WARN received SIGTERM indicating exit request
2025-05-22 10:50:54,024 INFO waiting for flask_app, tracker to die
2025-05-22 10:50:54,026 WARN stopped: tracker (terminated by SIGTERM)
2025-05-22 10:50:54,031 WARN stopped: flask_app (terminated by SIGTERM)
2025-05-22 10:50:55,167 CRIT Supervisor is running as root.  Privileges were not dropped because no user is specified in the config file.  If you intend to run as root, you can set user=root in the config file to avoid this message.
2025-05-22 10:50:55,169 INFO supervisord started with pid 1
2025-05-22 10:50:56,172 INFO spawned: 'flask_app' with pid 7
2025-05-22 10:50:56,174 INFO spawned: 'tracker' with pid 8
2025-05-22 10:50:57,340 INFO success: flask_app entered RUNNING state, process has stayed up for > than 1 seconds (startsecs)
2025-05-22 10:50:57,340 INFO success: tracker entered RUNNING state, process has stayed up for > than 1 seconds (startsecs)
2025-05-22 10:51:16,243 WARN exited: tracker (exit status 1; not expected)
2025-05-22 10:51:17,248 INFO spawned: 'tracker' with pid 9
2025-05-22 10:51:17,279 WARN exited: tracker (exit status 1; not expected)
2025-05-22 10:51:18,284 INFO spawned: 'tracker' with pid 10
2025-05-22 10:51:18,312 WARN exited: tracker (exit status 1; not expected)
2025-05-22 10:51:20,318 INFO spawned: 'tracker' with pid 11
2025-05-22 10:51:20,347 WARN exited: tracker (exit status 1; not expected)
2025-05-22 10:51:23,354 INFO spawned: 'tracker' with pid 12
2025-05-22 10:51:23,383 WARN exited: tracker (exit status 1; not expected)
2025-05-22 10:51:24,384 INFO gave up: tracker entered FATAL state, too many start retries too quickly
2025-05-22 10:51:27,388 WARN received SIGTERM indicating exit request
2025-05-22 10:51:27,389 INFO waiting for flask_app to die
2025-05-22 10:51:28,395 WARN stopped: flask_app (terminated by SIGTERM)
2025-05-22 10:51:29,226 CRIT Supervisor is running as root.  Privileges were not dropped because no user is specified in the config file.  If you intend to run as root, you can set user=root in the config file to avoid this message.
2025-05-22 10:51:29,227 INFO supervisord started with pid 1
2025-05-22 10:51:30,232 INFO spawned: 'flask_app' with pid 7
2025-05-22 10:51:30,235 INFO spawned: 'tracker' with pid 8
2025-05-22 10:51:30,260 WARN exited: tracker (exit status 1; not expected)
2025-05-22 10:51:31,349 INFO success: flask_app entered RUNNING state, process has stayed up for > than 1 seconds (startsecs)
2025-05-22 10:51:31,352 INFO spawned: 'tracker' with pid 9
2025-05-22 10:51:32,379 INFO success: tracker entered RUNNING state, process has stayed up for > than 1 seconds (startsecs)
2025-05-22 11:42:51,857 WARN received SIGTERM indicating exit request
2025-05-22 11:42:51,857 INFO waiting for flask_app, tracker to die
2025-05-22 11:42:52,859 WARN stopped: tracker (terminated by SIGTERM)
2025-05-22 11:42:52,862 WARN stopped: flask_app (terminated by SIGTERM)
2025-05-22 11:42:54,461 CRIT Supervisor is running as root.  Privileges were not dropped because no user is specified in the config file.  If you intend to run as root, you can set user=root in the config file to avoid this message.
2025-05-22 11:42:54,463 INFO supervisord started with pid 1
2025-05-22 11:42:55,466 INFO spawned: 'flask_app' with pid 7
2025-05-22 11:42:55,467 INFO spawned: 'tracker' with pid 8
2025-05-22 11:42:56,692 INFO success: flask_app entered RUNNING state, process has stayed up for > than 1 seconds (startsecs)
2025-05-22 11:42:56,692 INFO success: tracker entered RUNNING state, process has stayed up for > than 1 seconds (startsecs)
2025-05-22 11:45:49,505 WARN exited: tracker (exit status 1; not expected)
2025-05-22 11:45:50,507 INFO spawned: 'tracker' with pid 93
2025-05-22 11:45:50,534 WARN exited: tracker (exit status 1; not expected)
2025-05-22 11:45:51,537 INFO spawned: 'tracker' with pid 94
2025-05-22 11:45:51,564 WARN exited: tracker (exit status 1; not expected)
2025-05-22 11:45:53,568 INFO spawned: 'tracker' with pid 95
2025-05-22 11:45:53,595 WARN exited: tracker (exit status 1; not expected)
2025-05-22 11:45:56,600 INFO spawned: 'tracker' with pid 96
2025-05-22 11:45:56,625 WARN exited: tracker (exit status 1; not expected)
2025-05-22 11:45:57,627 INFO gave up: tracker entered FATAL state, too many start retries too quickly
2025-05-22 11:46:01,632 WARN received SIGTERM indicating exit request
2025-05-22 11:46:01,632 INFO waiting for flask_app to die
2025-05-22 11:46:02,639 WARN stopped: flask_app (terminated by SIGTERM)
2025-05-22 11:46:03,516 CRIT Supervisor is running as root.  Privileges were not dropped because no user is specified in the config file.  If you intend to run as root, you can set user=root in the config file to avoid this message.
2025-05-22 11:46:03,517 INFO supervisord started with pid 1
2025-05-22 11:46:04,521 INFO spawned: 'flask_app' with pid 7
2025-05-22 11:46:04,524 INFO spawned: 'tracker' with pid 8
2025-05-22 11:46:04,551 WARN exited: tracker (exit status 1; not expected)
2025-05-22 11:46:05,640 INFO success: flask_app entered RUNNING state, process has stayed up for > than 1 seconds (startsecs)
2025-05-22 11:46:05,643 INFO spawned: 'tracker' with pid 9
2025-05-22 11:46:06,668 INFO success: tracker entered RUNNING state, process has stayed up for > than 1 seconds (startsecs)
2025-05-22 12:15:04,629 WARN exited: tracker (exit status 1; not expected)
2025-05-22 12:15:05,631 INFO spawned: 'tracker' with pid 1181
2025-05-22 12:15:05,631 WARN received SIGTERM indicating exit request
2025-05-22 12:15:05,632 INFO waiting for flask_app, tracker to die
2025-05-22 12:15:06,679 WARN stopped: tracker (exit status 1)
2025-05-22 12:15:06,681 WARN stopped: flask_app (terminated by SIGTERM)
2025-05-22 12:15:08,175 CRIT Supervisor is running as root.  Privileges were not dropped because no user is specified in the config file.  If you intend to run as root, you can set user=root in the config file to avoid this message.
2025-05-22 12:15:08,177 INFO supervisord started with pid 1
2025-05-22 12:15:09,179 INFO spawned: 'flask_app' with pid 7
2025-05-22 12:15:09,181 INFO spawned: 'tracker' with pid 8
2025-05-22 12:15:09,420 WARN exited: tracker (exit status 1; not expected)
2025-05-22 12:15:10,428 INFO success: flask_app entered RUNNING state, process has stayed up for > than 1 seconds (startsecs)
2025-05-22 12:15:10,429 INFO spawned: 'tracker' with pid 9
2025-05-22 12:15:11,471 INFO success: tracker entered RUNNING state, process has stayed up for > than 1 seconds (startsecs)
2025-05-22 12:42:59,216 WARN exited: tracker (exit status 1; not expected)
2025-05-22 12:43:00,220 INFO spawned: 'tracker' with pid 820
2025-05-22 12:43:00,249 WARN exited: tracker (exit status 1; not expected)
2025-05-22 12:43:01,254 INFO spawned: 'tracker' with pid 821
2025-05-22 12:43:01,283 WARN exited: tracker (exit status 1; not expected)
2025-05-22 12:43:03,288 INFO spawned: 'tracker' with pid 822
2025-05-22 12:43:03,318 WARN exited: tracker (exit status 1; not expected)
2025-05-22 12:43:06,324 INFO spawned: 'tracker' with pid 823
2025-05-22 12:43:06,354 WARN exited: tracker (exit status 1; not expected)
2025-05-22 12:43:07,355 INFO gave up: tracker entered FATAL state, too many start retries too quickly
2025-05-22 12:44:10,431 WARN received SIGTERM indicating exit request
2025-05-22 12:44:10,431 INFO waiting for flask_app to die
2025-05-22 12:44:11,434 WARN stopped: flask_app (terminated by SIGTERM)
2025-05-22 12:44:12,506 CRIT Supervisor is running as root.  Privileges were not dropped because no user is specified in the config file.  If you intend to run as root, you can set user=root in the config file to avoid this message.
2025-05-22 12:44:12,507 INFO supervisord started with pid 1
2025-05-22 12:44:13,510 INFO spawned: 'flask_app' with pid 7
2025-05-22 12:44:13,513 INFO spawned: 'tracker' with pid 8
2025-05-22 12:44:13,540 WARN exited: tracker (exit status 1; not expected)
2025-05-22 12:44:14,629 INFO success: flask_app entered RUNNING state, process has stayed up for > than 1 seconds (startsecs)
2025-05-22 12:44:14,632 INFO spawned: 'tracker' with pid 9
2025-05-22 12:44:15,659 INFO success: tracker entered RUNNING state, process has stayed up for > than 1 seconds (startsecs)
2025-05-22 12:59:52,160 WARN received SIGTERM indicating exit request
2025-05-22 12:59:52,160 INFO waiting for flask_app, tracker to die
2025-05-22 12:59:52,162 WARN stopped: tracker (terminated by SIGTERM)
2025-05-22 12:59:52,167 WARN stopped: flask_app (terminated by SIGTERM)
2025-05-22 12:59:53,189 CRIT Supervisor is running as root.  Privileges were not dropped because no user is specified in the config file.  If you intend to run as root, you can set user=root in the config file to avoid this message.
2025-05-22 12:59:53,190 INFO supervisord started with pid 1
2025-05-22 12:59:54,195 INFO spawned: 'flask_app' with pid 6
2025-05-22 12:59:54,198 INFO spawned: 'tracker' with pid 7
2025-05-22 12:59:54,223 WARN exited: tracker (exit status 1; not expected)
2025-05-22 12:59:55,313 INFO success: flask_app entered RUNNING state, process has stayed up for > than 1 seconds (startsecs)
2025-05-22 12:59:55,317 INFO spawned: 'tracker' with pid 8
2025-05-22 12:59:56,341 INFO success: tracker entered RUNNING state, process has stayed up for > than 1 seconds (startsecs)
2025-05-23 08:25:26,682 WARN received SIGTERM indicating exit request
2025-05-23 08:25:26,683 INFO waiting for flask_app, tracker to die
2025-05-23 08:25:27,692 WARN stopped: tracker (terminated by SIGTERM)
2025-05-23 08:25:27,693 WARN stopped: flask_app (terminated by SIGTERM)
2025-05-23 08:25:29,088 CRIT Supervisor is running as root.  Privileges were not dropped because no user is specified in the config file.  If you intend to run as root, you can set user=root in the config file to avoid this message.
2025-05-23 08:25:29,090 INFO supervisord started with pid 1
2025-05-23 08:25:30,094 INFO spawned: 'flask_app' with pid 7
2025-05-23 08:25:30,096 INFO spawned: 'tracker' with pid 8
2025-05-23 08:25:30,122 WARN exited: tracker (exit status 1; not expected)
2025-05-23 08:25:31,233 INFO success: flask_app entered RUNNING state, process has stayed up for > than 1 seconds (startsecs)
2025-05-23 08:25:31,236 INFO spawned: 'tracker' with pid 9
2025-05-23 08:25:32,263 INFO success: tracker entered RUNNING state, process has stayed up for > than 1 seconds (startsecs)
2025-05-23 08:43:53,989 WARN received SIGTERM indicating exit request
2025-05-23 08:43:53,990 INFO waiting for flask_app, tracker to die
2025-05-23 08:43:54,991 WARN stopped: tracker (terminated by SIGTERM)
2025-05-23 08:43:54,993 WARN stopped: flask_app (terminated by SIGTERM)
2025-05-23 08:43:56,421 CRIT Supervisor is running as root.  Privileges were not dropped because no user is specified in the config file.  If you intend to run as root, you can set user=root in the config file to avoid this message.
2025-05-23 08:43:56,422 INFO supervisord started with pid 1
2025-05-23 08:43:57,427 INFO spawned: 'flask_app' with pid 8
2025-05-23 08:43:57,430 INFO spawned: 'tracker' with pid 9
2025-05-23 08:43:57,456 WARN exited: tracker (exit status 1; not expected)
2025-05-23 08:43:58,551 INFO success: flask_app entered RUNNING state, process has stayed up for > than 1 seconds (startsecs)
2025-05-23 08:43:58,555 INFO spawned: 'tracker' with pid 10
2025-05-23 08:43:59,581 INFO success: tracker entered RUNNING state, process has stayed up for > than 1 seconds (startsecs)
2025-05-23 08:51:33,111 WARN received SIGTERM indicating exit request
2025-05-23 08:51:33,111 INFO waiting for flask_app, tracker to die
2025-05-23 08:51:34,113 WARN stopped: tracker (terminated by SIGTERM)
2025-05-23 08:51:34,114 WARN stopped: flask_app (terminated by SIGTERM)
2025-05-23 08:51:35,264 CRIT Supervisor is running as root.  Privileges were not dropped because no user is specified in the config file.  If you intend to run as root, you can set user=root in the config file to avoid this message.
2025-05-23 08:51:35,266 INFO supervisord started with pid 1
2025-05-23 08:51:36,270 INFO spawned: 'flask_app' with pid 7
2025-05-23 08:51:36,273 INFO spawned: 'tracker' with pid 8
2025-05-23 08:51:36,298 WARN exited: tracker (exit status 1; not expected)
2025-05-23 08:51:37,388 INFO success: flask_app entered RUNNING state, process has stayed up for > than 1 seconds (startsecs)
2025-05-23 08:51:37,392 INFO spawned: 'tracker' with pid 9
2025-05-23 08:51:38,416 INFO success: tracker entered RUNNING state, process has stayed up for > than 1 seconds (startsecs)
2025-05-23 10:05:08,314 WARN received SIGTERM indicating exit request
2025-05-23 10:05:08,314 INFO waiting for flask_app, tracker to die
2025-05-23 10:05:09,316 WARN stopped: tracker (terminated by SIGTERM)
2025-05-23 10:05:09,317 WARN stopped: flask_app (terminated by SIGTERM)
2025-05-23 10:05:10,644 CRIT Supervisor is running as root.  Privileges were not dropped because no user is specified in the config file.  If you intend to run as root, you can set user=root in the config file to avoid this message.
2025-05-23 10:05:10,645 INFO supervisord started with pid 1
2025-05-23 10:05:11,650 INFO spawned: 'flask_app' with pid 7
2025-05-23 10:05:11,653 INFO spawned: 'tracker' with pid 8
2025-05-23 10:05:11,679 WARN exited: tracker (exit status 1; not expected)
2025-05-23 10:05:12,768 INFO success: flask_app entered RUNNING state, process has stayed up for > than 1 seconds (startsecs)
2025-05-23 10:05:12,771 INFO spawned: 'tracker' with pid 9
2025-05-23 10:05:13,795 INFO success: tracker entered RUNNING state, process has stayed up for > than 1 seconds (startsecs)
2025-05-23 11:37:02,824 WARN received SIGTERM indicating exit request
2025-05-23 11:37:02,825 INFO waiting for flask_app, tracker to die
2025-05-23 11:37:03,827 WARN stopped: tracker (terminated by SIGTERM)
2025-05-23 11:37:03,840 WARN stopped: flask_app (terminated by SIGTERM)
2025-05-23 11:37:05,674 CRIT Supervisor is running as root.  Privileges were not dropped because no user is specified in the config file.  If you intend to run as root, you can set user=root in the config file to avoid this message.
2025-05-23 11:37:05,675 INFO supervisord started with pid 1
2025-05-23 11:37:06,683 INFO spawned: 'flask_app' with pid 7
2025-05-23 11:37:06,687 INFO spawned: 'tracker' with pid 8
2025-05-23 11:37:07,843 INFO success: flask_app entered RUNNING state, process has stayed up for > than 1 seconds (startsecs)
2025-05-23 11:37:07,843 INFO success: tracker entered RUNNING state, process has stayed up for > than 1 seconds (startsecs)
2025-05-23 11:37:16,729 WARN exited: tracker (exit status 1; not expected)
2025-05-23 11:37:17,734 INFO spawned: 'tracker' with pid 9
2025-05-23 11:37:17,764 WARN exited: tracker (exit status 1; not expected)
2025-05-23 11:37:18,768 INFO spawned: 'tracker' with pid 10
2025-05-23 11:37:18,799 WARN exited: tracker (exit status 1; not expected)
2025-05-23 11:37:20,804 INFO spawned: 'tracker' with pid 11
2025-05-23 11:37:20,835 WARN exited: tracker (exit status 1; not expected)
2025-05-23 11:37:23,845 INFO spawned: 'tracker' with pid 12
2025-05-23 11:37:23,874 WARN exited: tracker (exit status 1; not expected)
2025-05-23 11:37:24,875 INFO gave up: tracker entered FATAL state, too many start retries too quickly
2025-05-23 11:37:38,891 WARN received SIGTERM indicating exit request
2025-05-23 11:37:38,892 INFO waiting for flask_app to die
2025-05-23 11:37:39,899 WARN stopped: flask_app (terminated by SIGTERM)
2025-05-23 11:37:40,890 CRIT Supervisor is running as root.  Privileges were not dropped because no user is specified in the config file.  If you intend to run as root, you can set user=root in the config file to avoid this message.
2025-05-23 11:37:40,892 INFO supervisord started with pid 1
2025-05-23 11:37:41,896 INFO spawned: 'flask_app' with pid 8
2025-05-23 11:37:41,899 INFO spawned: 'tracker' with pid 9
2025-05-23 11:37:41,924 WARN exited: tracker (exit status 1; not expected)
2025-05-23 11:37:43,021 INFO success: flask_app entered RUNNING state, process has stayed up for > than 1 seconds (startsecs)
2025-05-23 11:37:43,024 INFO spawned: 'tracker' with pid 10
2025-05-23 11:37:44,091 INFO success: tracker entered RUNNING state, process has stayed up for > than 1 seconds (startsecs)
2025-05-23 11:48:59,152 WARN received SIGTERM indicating exit request
2025-05-23 11:48:59,152 INFO waiting for flask_app, tracker to die
2025-05-23 11:48:59,152 WARN stopped: tracker (terminated by SIGTERM)
2025-05-23 11:48:59,154 WARN stopped: flask_app (terminated by SIGTERM)
2025-05-23 11:49:00,042 CRIT Supervisor is running as root.  Privileges were not dropped because no user is specified in the config file.  If you intend to run as root, you can set user=root in the config file to avoid this message.
2025-05-23 11:49:00,044 INFO supervisord started with pid 1
2025-05-23 11:49:01,048 INFO spawned: 'flask_app' with pid 7
2025-05-23 11:49:01,051 INFO spawned: 'tracker' with pid 8
2025-05-23 11:49:02,164 INFO success: flask_app entered RUNNING state, process has stayed up for > than 1 seconds (startsecs)
2025-05-23 11:49:02,164 INFO success: tracker entered RUNNING state, process has stayed up for > than 1 seconds (startsecs)
2025-05-23 13:25:03,556 WARN received SIGTERM indicating exit request
2025-05-23 13:25:03,557 INFO waiting for flask_app, tracker to die
2025-05-23 13:25:03,558 WARN stopped: tracker (terminated by SIGTERM)
2025-05-23 13:25:03,564 WARN stopped: flask_app (terminated by SIGTERM)
2025-05-23 13:25:04,460 CRIT Supervisor is running as root.  Privileges were not dropped because no user is specified in the config file.  If you intend to run as root, you can set user=root in the config file to avoid this message.
2025-05-23 13:25:04,462 INFO supervisord started with pid 1
2025-05-23 13:25:05,466 INFO spawned: 'flask_app' with pid 7
2025-05-23 13:25:05,468 INFO spawned: 'tracker' with pid 8
2025-05-23 13:25:05,495 WARN exited: tracker (exit status 1; not expected)
2025-05-23 13:25:06,583 INFO success: flask_app entered RUNNING state, process has stayed up for > than 1 seconds (startsecs)
2025-05-23 13:25:06,586 INFO spawned: 'tracker' with pid 9
2025-05-23 13:25:07,614 INFO success: tracker entered RUNNING state, process has stayed up for > than 1 seconds (startsecs)
2025-05-23 14:12:58,604 WARN exited: tracker (exit status 1; not expected)
2025-05-23 14:12:59,609 INFO spawned: 'tracker' with pid 6325
2025-05-23 14:12:59,639 WARN exited: tracker (exit status 1; not expected)
2025-05-23 14:13:00,643 INFO spawned: 'tracker' with pid 6326
2025-05-23 14:13:00,673 WARN exited: tracker (exit status 1; not expected)
2025-05-23 14:13:02,678 INFO spawned: 'tracker' with pid 6327
2025-05-23 14:13:02,708 WARN exited: tracker (exit status 1; not expected)
2025-05-23 14:13:03,709 WARN received SIGTERM indicating exit request
2025-05-23 14:13:03,709 INFO waiting for flask_app to die
2025-05-23 14:13:04,716 WARN stopped: flask_app (terminated by SIGTERM)
2025-05-23 14:13:05,758 CRIT Supervisor is running as root.  Privileges were not dropped because no user is specified in the config file.  If you intend to run as root, you can set user=root in the config file to avoid this message.
2025-05-23 14:13:05,760 INFO supervisord started with pid 1
2025-05-23 14:13:06,764 INFO spawned: 'flask_app' with pid 7
2025-05-23 14:13:06,767 INFO spawned: 'tracker' with pid 8
2025-05-23 14:13:06,792 WARN exited: tracker (exit status 1; not expected)
2025-05-23 14:13:07,882 INFO success: flask_app entered RUNNING state, process has stayed up for > than 1 seconds (startsecs)
2025-05-23 14:13:07,883 INFO spawned: 'tracker' with pid 9
2025-05-23 14:13:08,907 INFO success: tracker entered RUNNING state, process has stayed up for > than 1 seconds (startsecs)
2025-05-23 14:17:19,421 WARN received SIGTERM indicating exit request
2025-05-23 14:17:19,421 INFO waiting for flask_app, tracker to die
2025-05-23 14:17:20,422 WARN stopped: tracker (terminated by SIGTERM)
2025-05-23 14:17:20,424 WARN stopped: flask_app (terminated by SIGTERM)
2025-05-23 14:17:21,506 CRIT Supervisor is running as root.  Privileges were not dropped because no user is specified in the config file.  If you intend to run as root, you can set user=root in the config file to avoid this message.
2025-05-23 14:17:21,507 INFO supervisord started with pid 1
2025-05-23 14:17:22,512 INFO spawned: 'flask_app' with pid 6
2025-05-23 14:17:22,515 INFO spawned: 'tracker' with pid 7
2025-05-23 14:17:22,541 WARN exited: tracker (exit status 1; not expected)
2025-05-23 14:17:23,629 INFO success: flask_app entered RUNNING state, process has stayed up for > than 1 seconds (startsecs)
2025-05-23 14:17:23,633 INFO spawned: 'tracker' with pid 8
2025-05-23 14:17:24,660 INFO success: tracker entered RUNNING state, process has stayed up for > than 1 seconds (startsecs)
2025-05-23 14:20:26,099 WARN received SIGTERM indicating exit request
2025-05-23 14:20:26,099 INFO waiting for flask_app, tracker to die
2025-05-23 14:20:26,362 WARN stopped: tracker (terminated by SIGTERM)
2025-05-23 14:20:26,364 WARN stopped: flask_app (terminated by SIGTERM)
2025-05-23 14:20:27,576 CRIT Supervisor is running as root.  Privileges were not dropped because no user is specified in the config file.  If you intend to run as root, you can set user=root in the config file to avoid this message.
2025-05-23 14:20:27,577 INFO supervisord started with pid 1
2025-05-23 14:20:28,581 INFO spawned: 'flask_app' with pid 7
2025-05-23 14:20:28,584 INFO spawned: 'tracker' with pid 8
2025-05-23 14:20:28,611 WARN exited: tracker (exit status 1; not expected)
2025-05-23 14:20:29,701 INFO success: flask_app entered RUNNING state, process has stayed up for > than 1 seconds (startsecs)
2025-05-23 14:20:29,704 INFO spawned: 'tracker' with pid 9
2025-05-23 14:20:30,729 INFO success: tracker entered RUNNING state, process has stayed up for > than 1 seconds (startsecs)
2025-05-25 11:40:12,154 WARN received SIGTERM indicating exit request
2025-05-25 11:40:12,158 INFO waiting for flask_app, tracker to die
2025-05-25 11:40:12,158 WARN stopped: tracker (terminated by SIGTERM)
2025-05-25 11:40:12,160 WARN stopped: flask_app (terminated by SIGTERM)
2025-05-25 11:40:13,439 CRIT Supervisor is running as root.  Privileges were not dropped because no user is specified in the config file.  If you intend to run as root, you can set user=root in the config file to avoid this message.
2025-05-25 11:40:13,441 INFO supervisord started with pid 1
2025-05-25 11:40:14,443 INFO spawned: 'flask_app' with pid 7
2025-05-25 11:40:14,445 INFO spawned: 'tracker' with pid 8
2025-05-25 11:40:15,575 INFO success: flask_app entered RUNNING state, process has stayed up for > than 1 seconds (startsecs)
2025-05-25 11:40:15,576 INFO success: tracker entered RUNNING state, process has stayed up for > than 1 seconds (startsecs)
2025-05-25 11:40:49,480 WARN received SIGTERM indicating exit request
2025-05-25 11:40:49,481 INFO waiting for flask_app, tracker to die
2025-05-25 11:40:49,483 WARN stopped: tracker (terminated by SIGTERM)
2025-05-25 11:40:49,488 WARN stopped: flask_app (terminated by SIGTERM)
2025-05-25 11:40:50,439 CRIT Supervisor is running as root.  Privileges were not dropped because no user is specified in the config file.  If you intend to run as root, you can set user=root in the config file to avoid this message.
2025-05-25 11:40:50,440 INFO supervisord started with pid 1
2025-05-25 11:40:51,444 INFO spawned: 'flask_app' with pid 7
2025-05-25 11:40:51,447 INFO spawned: 'tracker' with pid 8
2025-05-25 11:40:51,474 WARN exited: tracker (exit status 1; not expected)
2025-05-25 11:40:52,565 INFO success: flask_app entered RUNNING state, process has stayed up for > than 1 seconds (startsecs)
2025-05-25 11:40:52,568 INFO spawned: 'tracker' with pid 9
2025-05-25 11:40:53,595 INFO success: tracker entered RUNNING state, process has stayed up for > than 1 seconds (startsecs)
2025-05-25 12:49:08,870 WARN received SIGTERM indicating exit request
2025-05-25 12:49:08,871 INFO waiting for flask_app, tracker to die
2025-05-25 12:49:08,873 WARN stopped: tracker (terminated by SIGTERM)
2025-05-25 12:49:08,878 WARN stopped: flask_app (terminated by SIGTERM)
2025-05-25 12:49:09,763 CRIT Supervisor is running as root.  Privileges were not dropped because no user is specified in the config file.  If you intend to run as root, you can set user=root in the config file to avoid this message.
2025-05-25 12:49:09,764 INFO supervisord started with pid 1
2025-05-25 12:49:10,767 INFO spawned: 'flask_app' with pid 7
2025-05-25 12:49:10,770 INFO spawned: 'tracker' with pid 8
2025-05-25 12:49:11,884 INFO success: flask_app entered RUNNING state, process has stayed up for > than 1 seconds (startsecs)
2025-05-25 12:49:11,884 INFO success: tracker entered RUNNING state, process has stayed up for > than 1 seconds (startsecs)
2025-05-25 13:08:14,567 WARN received SIGTERM indicating exit request
2025-05-25 13:08:14,567 INFO waiting for flask_app, tracker to die
2025-05-25 13:08:14,569 WARN stopped: tracker (terminated by SIGTERM)
2025-05-25 13:08:14,574 WARN stopped: flask_app (terminated by SIGTERM)
2025-05-25 13:08:15,541 CRIT Supervisor is running as root.  Privileges were not dropped because no user is specified in the config file.  If you intend to run as root, you can set user=root in the config file to avoid this message.
2025-05-25 13:08:15,542 INFO supervisord started with pid 1
2025-05-25 13:08:16,547 INFO spawned: 'flask_app' with pid 7
2025-05-25 13:08:16,550 INFO spawned: 'tracker' with pid 8
2025-05-25 13:08:17,664 INFO success: flask_app entered RUNNING state, process has stayed up for > than 1 seconds (startsecs)
2025-05-25 13:08:17,664 INFO success: tracker entered RUNNING state, process has stayed up for > than 1 seconds (startsecs)
2025-05-25 13:08:26,580 WARN exited: tracker (exit status 1; not expected)
2025-05-25 13:08:27,585 INFO spawned: 'tracker' with pid 9
2025-05-25 13:08:27,614 WARN exited: tracker (exit status 1; not expected)
2025-05-25 13:08:28,619 INFO spawned: 'tracker' with pid 10
2025-05-25 13:08:28,648 WARN exited: tracker (exit status 1; not expected)
2025-05-25 13:08:30,654 INFO spawned: 'tracker' with pid 11
2025-05-25 13:08:30,683 WARN exited: tracker (exit status 1; not expected)
2025-05-25 13:08:33,690 INFO spawned: 'tracker' with pid 12
2025-05-25 13:08:33,719 WARN exited: tracker (exit status 1; not expected)
2025-05-25 13:08:34,721 INFO gave up: tracker entered FATAL state, too many start retries too quickly
2025-05-25 13:08:50,740 WARN received SIGTERM indicating exit request
2025-05-25 13:08:50,741 INFO waiting for flask_app to die
2025-05-25 13:08:51,747 WARN stopped: flask_app (terminated by SIGTERM)
2025-05-25 13:08:52,700 CRIT Supervisor is running as root.  Privileges were not dropped because no user is specified in the config file.  If you intend to run as root, you can set user=root in the config file to avoid this message.
2025-05-25 13:08:52,701 INFO supervisord started with pid 1
2025-05-25 13:08:53,706 INFO spawned: 'flask_app' with pid 7
2025-05-25 13:08:53,708 INFO spawned: 'tracker' with pid 8
2025-05-25 13:08:53,733 WARN exited: tracker (exit status 1; not expected)
2025-05-25 13:08:54,824 INFO success: flask_app entered RUNNING state, process has stayed up for > than 1 seconds (startsecs)
2025-05-25 13:08:54,828 INFO spawned: 'tracker' with pid 9
2025-05-25 13:08:55,855 INFO success: tracker entered RUNNING state, process has stayed up for > than 1 seconds (startsecs)
2025-05-25 13:19:16,605 WARN received SIGTERM indicating exit request
2025-05-25 13:19:16,606 INFO waiting for flask_app, tracker to die
2025-05-25 13:19:16,608 WARN stopped: tracker (terminated by SIGTERM)
2025-05-25 13:19:16,613 WARN stopped: flask_app (terminated by SIGTERM)
2025-05-25 13:19:17,363 CRIT Supervisor is running as root.  Privileges were not dropped because no user is specified in the config file.  If you intend to run as root, you can set user=root in the config file to avoid this message.
2025-05-25 13:19:17,364 INFO supervisord started with pid 1
2025-05-25 13:19:18,366 INFO spawned: 'flask_app' with pid 7
2025-05-25 13:19:18,367 INFO spawned: 'tracker' with pid 8
2025-05-25 13:19:19,485 INFO success: flask_app entered RUNNING state, process has stayed up for > than 1 seconds (startsecs)
2025-05-25 13:19:19,486 INFO success: tracker entered RUNNING state, process has stayed up for > than 1 seconds (startsecs)
2025-05-25 13:25:44,745 WARN received SIGTERM indicating exit request
2025-05-25 13:25:44,746 INFO waiting for flask_app, tracker to die
2025-05-25 13:25:44,748 WARN stopped: tracker (terminated by SIGTERM)
2025-05-25 13:25:44,753 WARN stopped: flask_app (terminated by SIGTERM)
2025-05-25 13:25:45,732 CRIT Supervisor is running as root.  Privileges were not dropped because no user is specified in the config file.  If you intend to run as root, you can set user=root in the config file to avoid this message.
2025-05-25 13:25:45,733 INFO supervisord started with pid 1
2025-05-25 13:25:46,736 INFO spawned: 'flask_app' with pid 7
2025-05-25 13:25:46,737 INFO spawned: 'tracker' with pid 8
2025-05-25 13:25:47,851 INFO success: flask_app entered RUNNING state, process has stayed up for > than 1 seconds (startsecs)
2025-05-25 13:25:47,852 INFO success: tracker entered RUNNING state, process has stayed up for > than 1 seconds (startsecs)
2025-05-25 13:32:27,871 WARN received SIGTERM indicating exit request
2025-05-25 13:32:27,871 INFO waiting for flask_app, tracker to die
2025-05-25 13:32:27,873 WARN stopped: tracker (terminated by SIGTERM)
2025-05-25 13:32:27,879 WARN stopped: flask_app (terminated by SIGTERM)
2025-05-25 13:32:28,738 CRIT Supervisor is running as root.  Privileges were not dropped because no user is specified in the config file.  If you intend to run as root, you can set user=root in the config file to avoid this message.
2025-05-25 13:32:28,740 INFO supervisord started with pid 1
2025-05-25 13:32:29,742 INFO spawned: 'flask_app' with pid 6
2025-05-25 13:32:29,743 INFO spawned: 'tracker' with pid 7
2025-05-25 13:32:30,767 INFO success: flask_app entered RUNNING state, process has stayed up for > than 1 seconds (startsecs)
2025-05-25 13:32:30,767 INFO success: tracker entered RUNNING state, process has stayed up for > than 1 seconds (startsecs)
2025-05-25 13:48:48,924 WARN exited: tracker (exit status 1; not expected)
2025-05-25 13:48:49,930 INFO spawned: 'tracker' with pid 605
2025-05-25 13:48:49,930 WARN received SIGTERM indicating exit request
2025-05-25 13:48:49,931 INFO waiting for flask_app, tracker to die
2025-05-25 13:48:49,957 WARN stopped: tracker (exit status 1)
2025-05-25 13:48:49,958 WARN stopped: flask_app (terminated by SIGTERM)
2025-05-25 13:48:51,014 CRIT Supervisor is running as root.  Privileges were not dropped because no user is specified in the config file.  If you intend to run as root, you can set user=root in the config file to avoid this message.
2025-05-25 13:48:51,015 INFO supervisord started with pid 1
2025-05-25 13:48:52,017 INFO spawned: 'flask_app' with pid 7
2025-05-25 13:48:52,019 INFO spawned: 'tracker' with pid 8
2025-05-25 13:48:52,046 WARN exited: tracker (exit status 1; not expected)
2025-05-25 13:48:53,135 INFO success: flask_app entered RUNNING state, process has stayed up for > than 1 seconds (startsecs)
2025-05-25 13:48:53,139 INFO spawned: 'tracker' with pid 9
2025-05-25 13:48:54,166 INFO success: tracker entered RUNNING state, process has stayed up for > than 1 seconds (startsecs)
2025-05-26 07:12:42,889 WARN received SIGTERM indicating exit request
2025-05-26 07:12:42,892 INFO waiting for flask_app, tracker to die
2025-05-26 07:12:43,165 WARN stopped: tracker (terminated by SIGTERM)
2025-05-26 07:12:43,167 WARN stopped: flask_app (terminated by SIGTERM)
2025-05-26 07:12:44,719 CRIT Supervisor is running as root.  Privileges were not dropped because no user is specified in the config file.  If you intend to run as root, you can set user=root in the config file to avoid this message.
2025-05-26 07:12:44,720 INFO supervisord started with pid 1
2025-05-26 07:12:45,725 INFO spawned: 'flask_app' with pid 7
2025-05-26 07:12:45,728 INFO spawned: 'tracker' with pid 8
2025-05-26 07:12:45,756 WARN exited: tracker (exit status 1; not expected)
2025-05-26 07:12:46,865 INFO success: flask_app entered RUNNING state, process has stayed up for > than 1 seconds (startsecs)
2025-05-26 07:12:46,868 INFO spawned: 'tracker' with pid 9
2025-05-26 07:12:47,896 INFO success: tracker entered RUNNING state, process has stayed up for > than 1 seconds (startsecs)
2025-05-26 09:41:13,307 WARN received SIGTERM indicating exit request
2025-05-26 09:41:13,308 INFO waiting for flask_app, tracker to die
2025-05-26 09:41:13,310 WARN stopped: tracker (terminated by SIGTERM)
2025-05-26 09:41:13,315 WARN stopped: flask_app (terminated by SIGTERM)
2025-05-26 09:41:14,242 CRIT Supervisor is running as root.  Privileges were not dropped because no user is specified in the config file.  If you intend to run as root, you can set user=root in the config file to avoid this message.
2025-05-26 09:41:14,244 INFO supervisord started with pid 1
2025-05-26 09:41:15,248 INFO spawned: 'flask_app' with pid 6
2025-05-26 09:41:15,250 INFO spawned: 'tracker' with pid 7
2025-05-26 09:41:15,276 WARN exited: tracker (exit status 1; not expected)
2025-05-26 09:41:16,366 INFO success: flask_app entered RUNNING state, process has stayed up for > than 1 seconds (startsecs)
2025-05-26 09:41:16,369 INFO spawned: 'tracker' with pid 8
2025-05-26 09:41:17,396 INFO success: tracker entered RUNNING state, process has stayed up for > than 1 seconds (startsecs)
2025-05-26 09:54:54,045 WARN received SIGTERM indicating exit request
2025-05-26 09:54:54,045 INFO waiting for flask_app, tracker to die
2025-05-26 09:54:55,046 WARN stopped: tracker (terminated by SIGTERM)
2025-05-26 09:54:55,048 WARN stopped: flask_app (terminated by SIGTERM)
2025-05-26 09:54:56,153 CRIT Supervisor is running as root.  Privileges were not dropped because no user is specified in the config file.  If you intend to run as root, you can set user=root in the config file to avoid this message.
2025-05-26 09:54:56,154 INFO supervisord started with pid 1
2025-05-26 09:54:57,159 INFO spawned: 'flask_app' with pid 7
2025-05-26 09:54:57,162 INFO spawned: 'tracker' with pid 8
2025-05-26 09:54:58,184 INFO success: flask_app entered RUNNING state, process has stayed up for > than 1 seconds (startsecs)
2025-05-26 09:54:58,184 INFO success: tracker entered RUNNING state, process has stayed up for > than 1 seconds (startsecs)
2025-05-26 13:47:13,379 WARN received SIGTERM indicating exit request
2025-05-26 13:47:13,383 INFO waiting for flask_app, tracker to die
2025-05-26 13:47:13,619 WARN stopped: tracker (terminated by SIGTERM)
2025-05-26 13:47:13,621 WARN stopped: flask_app (terminated by SIGTERM)
2025-05-26 13:47:15,517 CRIT Supervisor is running as root.  Privileges were not dropped because no user is specified in the config file.  If you intend to run as root, you can set user=root in the config file to avoid this message.
2025-05-26 13:47:15,519 INFO supervisord started with pid 1
2025-05-26 13:47:16,524 INFO spawned: 'flask_app' with pid 8
2025-05-26 13:47:16,527 INFO spawned: 'tracker' with pid 9
2025-05-26 13:47:17,571 INFO success: flask_app entered RUNNING state, process has stayed up for > than 1 seconds (startsecs)
2025-05-26 13:47:17,571 INFO success: tracker entered RUNNING state, process has stayed up for > than 1 seconds (startsecs)
2025-05-26 13:47:21,805 WARN exited: tracker (exit status 1; not expected)
2025-05-26 13:47:22,810 INFO spawned: 'tracker' with pid 15
2025-05-26 13:47:22,880 WARN exited: tracker (exit status 1; not expected)
2025-05-26 13:47:23,885 INFO spawned: 'tracker' with pid 16
2025-05-26 13:47:23,915 WARN exited: tracker (exit status 1; not expected)
2025-05-26 13:47:25,920 INFO spawned: 'tracker' with pid 17
2025-05-26 13:47:25,948 WARN exited: tracker (exit status 1; not expected)
2025-05-26 13:47:28,955 INFO spawned: 'tracker' with pid 18
2025-05-26 13:47:28,985 WARN exited: tracker (exit status 1; not expected)
2025-05-26 13:47:29,986 INFO gave up: tracker entered FATAL state, too many start retries too quickly
2025-05-26 13:54:43,898 WARN received SIGTERM indicating exit request
2025-05-26 13:54:43,898 INFO waiting for flask_app to die
2025-05-26 13:54:44,905 WARN stopped: flask_app (terminated by SIGTERM)
2025-05-26 13:54:45,786 CRIT Supervisor is running as root.  Privileges were not dropped because no user is specified in the config file.  If you intend to run as root, you can set user=root in the config file to avoid this message.
2025-05-26 13:54:45,788 INFO supervisord started with pid 1
2025-05-26 13:54:46,792 INFO spawned: 'flask_app' with pid 7
2025-05-26 13:54:46,795 INFO spawned: 'tracker' with pid 8
2025-05-26 13:54:46,821 WARN exited: tracker (exit status 1; not expected)
2025-05-26 13:54:47,910 INFO success: flask_app entered RUNNING state, process has stayed up for > than 1 seconds (startsecs)
2025-05-26 13:54:47,914 INFO spawned: 'tracker' with pid 9
2025-05-26 13:54:48,939 INFO success: tracker entered RUNNING state, process has stayed up for > than 1 seconds (startsecs)
2025-05-26 13:55:10,957 WARN received SIGTERM indicating exit request
2025-05-26 13:55:10,957 INFO waiting for flask_app, tracker to die
2025-05-26 13:55:10,959 WARN stopped: tracker (terminated by SIGTERM)
2025-05-26 13:55:10,965 WARN stopped: flask_app (terminated by SIGTERM)
2025-05-26 13:55:11,930 CRIT Supervisor is running as root.  Privileges were not dropped because no user is specified in the config file.  If you intend to run as root, you can set user=root in the config file to avoid this message.
2025-05-26 13:55:11,932 INFO supervisord started with pid 1
2025-05-26 13:55:12,934 INFO spawned: 'flask_app' with pid 6
2025-05-26 13:55:12,935 INFO spawned: 'tracker' with pid 7
2025-05-26 13:55:14,049 INFO success: flask_app entered RUNNING state, process has stayed up for > than 1 seconds (startsecs)
2025-05-26 13:55:14,049 INFO success: tracker entered RUNNING state, process has stayed up for > than 1 seconds (startsecs)
2025-05-26 14:12:37,651 WARN received SIGTERM indicating exit request
2025-05-26 14:12:37,651 INFO waiting for flask_app, tracker to die
2025-05-26 14:12:37,654 WARN stopped: tracker (terminated by SIGTERM)
2025-05-26 14:12:37,659 WARN stopped: flask_app (terminated by SIGTERM)
2025-05-26 14:12:38,578 CRIT Supervisor is running as root.  Privileges were not dropped because no user is specified in the config file.  If you intend to run as root, you can set user=root in the config file to avoid this message.
2025-05-26 14:12:38,579 INFO supervisord started with pid 1
2025-05-26 14:12:39,584 INFO spawned: 'flask_app' with pid 7
2025-05-26 14:12:39,586 INFO spawned: 'tracker' with pid 8
2025-05-26 14:12:39,613 WARN exited: tracker (exit status 1; not expected)
2025-05-26 14:12:40,702 INFO success: flask_app entered RUNNING state, process has stayed up for > than 1 seconds (startsecs)
2025-05-26 14:12:40,705 INFO spawned: 'tracker' with pid 9
2025-05-26 14:12:41,732 INFO success: tracker entered RUNNING state, process has stayed up for > than 1 seconds (startsecs)
2025-05-27 06:38:56,298 WARN received SIGTERM indicating exit request
2025-05-27 06:38:56,300 INFO waiting for flask_app, tracker to die
2025-05-27 06:38:56,607 WARN stopped: tracker (terminated by SIGTERM)
2025-05-27 06:38:56,609 WARN stopped: flask_app (terminated by SIGTERM)
2025-05-27 06:38:57,966 CRIT Supervisor is running as root.  Privileges were not dropped because no user is specified in the config file.  If you intend to run as root, you can set user=root in the config file to avoid this message.
2025-05-27 06:38:57,968 INFO supervisord started with pid 1
2025-05-27 06:38:58,973 INFO spawned: 'flask_app' with pid 7
2025-05-27 06:38:58,975 INFO spawned: 'tracker' with pid 8
2025-05-27 06:38:59,009 WARN exited: tracker (exit status 1; not expected)
2025-05-27 06:39:00,113 INFO success: flask_app entered RUNNING state, process has stayed up for > than 1 seconds (startsecs)
2025-05-27 06:39:00,117 INFO spawned: 'tracker' with pid 9
2025-05-27 06:39:01,144 INFO success: tracker entered RUNNING state, process has stayed up for > than 1 seconds (startsecs)
2025-05-27 09:49:37,279 WARN exited: tracker (exit status 1; not expected)
2025-05-27 09:49:38,283 INFO spawned: 'tracker' with pid 13108
2025-05-27 09:49:38,314 WARN exited: tracker (exit status 1; not expected)
2025-05-27 09:49:39,319 INFO spawned: 'tracker' with pid 13109
2025-05-27 09:49:39,349 WARN exited: tracker (exit status 1; not expected)
2025-05-27 09:49:40,351 WARN received SIGTERM indicating exit request
2025-05-27 09:49:40,351 INFO waiting for flask_app to die
2025-05-27 09:49:41,358 WARN stopped: flask_app (terminated by SIGTERM)
2025-05-27 09:49:42,464 CRIT Supervisor is running as root.  Privileges were not dropped because no user is specified in the config file.  If you intend to run as root, you can set user=root in the config file to avoid this message.
2025-05-27 09:49:42,465 INFO supervisord started with pid 1
2025-05-27 09:49:43,469 INFO spawned: 'flask_app' with pid 8
2025-05-27 09:49:43,472 INFO spawned: 'tracker' with pid 9
2025-05-27 09:49:43,498 WARN exited: tracker (exit status 1; not expected)
2025-05-27 09:49:44,587 INFO success: flask_app entered RUNNING state, process has stayed up for > than 1 seconds (startsecs)
2025-05-27 09:49:44,590 INFO spawned: 'tracker' with pid 10
2025-05-27 09:49:45,615 INFO success: tracker entered RUNNING state, process has stayed up for > than 1 seconds (startsecs)
2025-05-27 13:01:15,274 WARN exited: tracker (exit status 1; not expected)
2025-05-27 13:01:16,279 INFO spawned: 'tracker' with pid 25927
2025-05-27 13:01:16,310 WARN exited: tracker (exit status 1; not expected)
2025-05-27 13:01:17,314 INFO spawned: 'tracker' with pid 25928
2025-05-27 13:01:17,345 WARN exited: tracker (exit status 1; not expected)
2025-05-27 13:01:18,346 WARN received SIGTERM indicating exit request
2025-05-27 13:01:18,346 INFO waiting for flask_app to die
2025-05-27 13:01:19,353 WARN stopped: flask_app (terminated by SIGTERM)
2025-05-27 13:01:20,283 CRIT Supervisor is running as root.  Privileges were not dropped because no user is specified in the config file.  If you intend to run as root, you can set user=root in the config file to avoid this message.
2025-05-27 13:01:20,285 INFO supervisord started with pid 1
2025-05-27 13:01:21,289 INFO spawned: 'flask_app' with pid 7
2025-05-27 13:01:21,292 INFO spawned: 'tracker' with pid 8
2025-05-27 13:01:21,318 WARN exited: tracker (exit status 1; not expected)
2025-05-27 13:01:22,407 INFO success: flask_app entered RUNNING state, process has stayed up for > than 1 seconds (startsecs)
2025-05-27 13:01:22,411 INFO spawned: 'tracker' with pid 9
2025-05-27 13:01:23,436 INFO success: tracker entered RUNNING state, process has stayed up for > than 1 seconds (startsecs)
2025-05-28 06:39:17,822 WARN received SIGTERM indicating exit request
2025-05-28 06:39:17,823 INFO waiting for flask_app, tracker to die
2025-05-28 06:39:17,825 WARN stopped: tracker (terminated by SIGTERM)
2025-05-28 06:39:17,830 WARN stopped: flask_app (terminated by SIGTERM)
2025-05-28 06:39:18,847 CRIT Supervisor is running as root.  Privileges were not dropped because no user is specified in the config file.  If you intend to run as root, you can set user=root in the config file to avoid this message.
2025-05-28 06:39:18,849 INFO supervisord started with pid 1
2025-05-28 06:39:19,854 INFO spawned: 'flask_app' with pid 7
2025-05-28 06:39:19,857 INFO spawned: 'tracker' with pid 8
2025-05-28 06:39:20,974 INFO success: flask_app entered RUNNING state, process has stayed up for > than 1 seconds (startsecs)
2025-05-28 06:39:20,974 INFO success: tracker entered RUNNING state, process has stayed up for > than 1 seconds (startsecs)
2025-05-28 06:39:49,882 WARN received SIGTERM indicating exit request
2025-05-28 06:39:49,883 INFO waiting for flask_app, tracker to die
2025-05-28 06:39:49,885 WARN stopped: tracker (terminated by SIGTERM)
2025-05-28 06:39:49,890 WARN stopped: flask_app (terminated by SIGTERM)
2025-05-28 06:39:50,824 CRIT Supervisor is running as root.  Privileges were not dropped because no user is specified in the config file.  If you intend to run as root, you can set user=root in the config file to avoid this message.
2025-05-28 06:39:50,826 INFO supervisord started with pid 1
2025-05-28 06:39:51,830 INFO spawned: 'flask_app' with pid 7
2025-05-28 06:39:51,833 INFO spawned: 'tracker' with pid 8
2025-05-28 06:39:51,860 WARN exited: tracker (exit status 1; not expected)
2025-05-28 06:39:52,954 INFO success: flask_app entered RUNNING state, process has stayed up for > than 1 seconds (startsecs)
2025-05-28 06:39:52,958 INFO spawned: 'tracker' with pid 9
2025-05-28 06:39:53,983 INFO success: tracker entered RUNNING state, process has stayed up for > than 1 seconds (startsecs)
2025-05-28 17:55:07,914 WARN exited: tracker (exit status 1; not expected)
2025-05-28 17:55:08,919 INFO spawned: 'tracker' with pid 1580290
2025-05-28 17:55:08,949 WARN exited: tracker (exit status 1; not expected)
2025-05-28 17:55:09,953 INFO spawned: 'tracker' with pid 1580291
2025-05-28 17:55:09,984 WARN exited: tracker (exit status 1; not expected)
2025-05-28 17:55:11,990 INFO spawned: 'tracker' with pid 1580292
2025-05-28 17:55:12,020 WARN exited: tracker (exit status 1; not expected)
2025-05-28 17:55:15,027 INFO spawned: 'tracker' with pid 1580293
2025-05-28 17:55:15,056 WARN exited: tracker (exit status 1; not expected)
2025-05-28 17:55:16,058 INFO gave up: tracker entered FATAL state, too many start retries too quickly
2025-05-28 17:56:59,179 WARN received SIGTERM indicating exit request
2025-05-28 17:56:59,179 INFO waiting for flask_app to die
2025-05-28 17:57:00,186 WARN stopped: flask_app (terminated by SIGTERM)
2025-05-28 17:57:01,164 CRIT Supervisor is running as root.  Privileges were not dropped because no user is specified in the config file.  If you intend to run as root, you can set user=root in the config file to avoid this message.
2025-05-28 17:57:01,165 INFO supervisord started with pid 1
2025-05-28 17:57:02,170 INFO spawned: 'flask_app' with pid 6
2025-05-28 17:57:02,173 INFO spawned: 'tracker' with pid 7
2025-05-28 17:57:02,199 WARN exited: tracker (exit status 1; not expected)
2025-05-28 17:57:03,287 INFO success: flask_app entered RUNNING state, process has stayed up for > than 1 seconds (startsecs)
2025-05-28 17:57:03,290 INFO spawned: 'tracker' with pid 8
2025-05-28 17:57:04,318 INFO success: tracker entered RUNNING state, process has stayed up for > than 1 seconds (startsecs)
2025-05-28 18:00:28,814 WARN received SIGTERM indicating exit request
2025-05-28 18:00:28,814 INFO waiting for flask_app, tracker to die
2025-05-28 18:00:29,815 WARN stopped: tracker (terminated by SIGTERM)
2025-05-28 18:00:29,817 WARN stopped: flask_app (terminated by SIGTERM)
2025-05-28 18:00:30,868 CRIT Supervisor is running as root.  Privileges were not dropped because no user is specified in the config file.  If you intend to run as root, you can set user=root in the config file to avoid this message.
2025-05-28 18:00:30,869 INFO supervisord started with pid 1
2025-05-28 18:00:31,874 INFO spawned: 'flask_app' with pid 7
2025-05-28 18:00:31,877 INFO spawned: 'tracker' with pid 8
2025-05-28 18:00:31,903 WARN exited: tracker (exit status 1; not expected)
2025-05-28 18:00:32,991 INFO success: flask_app entered RUNNING state, process has stayed up for > than 1 seconds (startsecs)
2025-05-28 18:00:32,995 INFO spawned: 'tracker' with pid 9
2025-05-28 18:00:34,023 INFO success: tracker entered RUNNING state, process has stayed up for > than 1 seconds (startsecs)
2025-05-30 14:05:29,104 CRIT Supervisor is running as root.  Privileges were not dropped because no user is specified in the config file.  If you intend to run as root, you can set user=root in the config file to avoid this message.
2025-05-30 14:05:29,106 INFO supervisord started with pid 1
2025-05-30 14:05:30,974 INFO spawned: 'flask_app' with pid 6
2025-05-30 14:05:30,976 INFO spawned: 'tracker' with pid 7
2025-05-30 14:05:32,398 INFO success: flask_app entered RUNNING state, process has stayed up for > than 1 seconds (startsecs)
2025-05-30 14:05:32,398 INFO success: tracker entered RUNNING state, process has stayed up for > than 1 seconds (startsecs)
2025-05-31 20:03:27,162 WARN received SIGTERM indicating exit request
2025-05-31 20:03:27,162 INFO waiting for flask_app, tracker to die
2025-05-31 20:03:27,165 WARN stopped: tracker (terminated by SIGTERM)
2025-05-31 20:03:27,171 WARN stopped: flask_app (terminated by SIGTERM)
2025-05-31 20:03:28,118 CRIT Supervisor is running as root.  Privileges were not dropped because no user is specified in the config file.  If you intend to run as root, you can set user=root in the config file to avoid this message.
2025-05-31 20:03:28,119 INFO supervisord started with pid 1
2025-05-31 20:03:29,124 INFO spawned: 'flask_app' with pid 7
2025-05-31 20:03:29,127 INFO spawned: 'tracker' with pid 8
2025-05-31 20:03:30,241 INFO success: flask_app entered RUNNING state, process has stayed up for > than 1 seconds (startsecs)
2025-05-31 20:03:30,242 INFO success: tracker entered RUNNING state, process has stayed up for > than 1 seconds (startsecs)
2025-05-31 20:05:39,160 WARN received SIGTERM indicating exit request
2025-05-31 20:05:39,161 INFO waiting for flask_app, tracker to die
2025-05-31 20:05:39,163 WARN stopped: tracker (terminated by SIGTERM)
2025-05-31 20:05:39,168 WARN stopped: flask_app (terminated by SIGTERM)
2025-05-31 20:05:40,172 CRIT Supervisor is running as root.  Privileges were not dropped because no user is specified in the config file.  If you intend to run as root, you can set user=root in the config file to avoid this message.
2025-05-31 20:05:40,173 INFO supervisord started with pid 1
2025-05-31 20:05:41,178 INFO spawned: 'flask_app' with pid 7
2025-05-31 20:05:41,181 INFO spawned: 'tracker' with pid 8
2025-05-31 20:05:41,207 WARN exited: tracker (exit status 1; not expected)
2025-05-31 20:05:42,295 INFO success: flask_app entered RUNNING state, process has stayed up for > than 1 seconds (startsecs)
2025-05-31 20:05:42,299 INFO spawned: 'tracker' with pid 9
2025-05-31 20:05:43,326 INFO success: tracker entered RUNNING state, process has stayed up for > than 1 seconds (startsecs)
2025-05-31 20:08:22,044 WARN received SIGTERM indicating exit request
2025-05-31 20:08:22,044 INFO waiting for flask_app, tracker to die
2025-05-31 20:08:23,046 WARN stopped: tracker (terminated by SIGTERM)
2025-05-31 20:08:23,048 WARN stopped: flask_app (terminated by SIGTERM)
2025-05-31 20:08:24,009 CRIT Supervisor is running as root.  Privileges were not dropped because no user is specified in the config file.  If you intend to run as root, you can set user=root in the config file to avoid this message.
2025-05-31 20:08:24,010 INFO supervisord started with pid 1
2025-05-31 20:08:25,014 INFO spawned: 'flask_app' with pid 7
2025-05-31 20:08:25,017 INFO spawned: 'tracker' with pid 8
2025-05-31 20:08:26,131 INFO success: flask_app entered RUNNING state, process has stayed up for > than 1 seconds (startsecs)
2025-05-31 20:08:26,131 INFO success: tracker entered RUNNING state, process has stayed up for > than 1 seconds (startsecs)
2025-05-31 20:12:52,612 WARN received SIGTERM indicating exit request
2025-05-31 20:12:52,612 INFO waiting for flask_app, tracker to die
2025-05-31 20:12:52,669 WARN stopped: tracker (terminated by SIGTERM)
2025-05-31 20:12:52,671 WARN stopped: flask_app (terminated by SIGTERM)
2025-05-31 20:12:53,874 CRIT Supervisor is running as root.  Privileges were not dropped because no user is specified in the config file.  If you intend to run as root, you can set user=root in the config file to avoid this message.
2025-05-31 20:12:53,875 INFO supervisord started with pid 1
2025-05-31 20:12:54,880 INFO spawned: 'flask_app' with pid 7
2025-05-31 20:12:54,882 INFO spawned: 'tracker' with pid 8
2025-05-31 20:12:55,997 INFO success: flask_app entered RUNNING state, process has stayed up for > than 1 seconds (startsecs)
2025-05-31 20:12:55,997 INFO success: tracker entered RUNNING state, process has stayed up for > than 1 seconds (startsecs)
2025-05-31 20:13:04,913 WARN exited: tracker (exit status 1; not expected)
2025-05-31 20:13:05,918 INFO spawned: 'tracker' with pid 9
2025-05-31 20:13:05,948 WARN exited: tracker (exit status 1; not expected)
2025-05-31 20:13:06,952 INFO spawned: 'tracker' with pid 10
2025-05-31 20:13:06,983 WARN exited: tracker (exit status 1; not expected)
2025-05-31 20:13:08,989 INFO spawned: 'tracker' with pid 11
2025-05-31 20:13:09,019 WARN exited: tracker (exit status 1; not expected)
2025-05-31 20:13:11,022 WARN received SIGTERM indicating exit request
2025-05-31 20:13:11,023 INFO waiting for flask_app to die
2025-05-31 20:13:12,029 WARN stopped: flask_app (terminated by SIGTERM)
2025-05-31 20:13:12,992 CRIT Supervisor is running as root.  Privileges were not dropped because no user is specified in the config file.  If you intend to run as root, you can set user=root in the config file to avoid this message.
2025-05-31 20:13:12,993 INFO supervisord started with pid 1
2025-05-31 20:13:13,997 INFO spawned: 'flask_app' with pid 7
2025-05-31 20:13:14,000 INFO spawned: 'tracker' with pid 8
2025-05-31 20:13:14,028 WARN exited: tracker (exit status 1; not expected)
2025-05-31 20:13:15,116 INFO success: flask_app entered RUNNING state, process has stayed up for > than 1 seconds (startsecs)
2025-05-31 20:13:15,119 INFO spawned: 'tracker' with pid 9
2025-05-31 20:13:16,148 INFO success: tracker entered RUNNING state, process has stayed up for > than 1 seconds (startsecs)
2025-06-01 10:59:13,670 WARN received SIGTERM indicating exit request
2025-06-01 10:59:13,670 INFO waiting for flask_app, tracker to die
2025-06-01 10:59:13,801 WARN stopped: tracker (terminated by SIGTERM)
2025-06-01 10:59:13,804 WARN stopped: flask_app (terminated by SIGTERM)
2025-06-01 10:59:14,960 CRIT Supervisor is running as root.  Privileges were not dropped because no user is specified in the config file.  If you intend to run as root, you can set user=root in the config file to avoid this message.
2025-06-01 10:59:14,962 INFO supervisord started with pid 1
2025-06-01 10:59:15,966 INFO spawned: 'flask_app' with pid 7
2025-06-01 10:59:15,969 INFO spawned: 'tracker' with pid 8
2025-06-01 10:59:16,993 INFO success: flask_app entered RUNNING state, process has stayed up for > than 1 seconds (startsecs)
2025-06-01 10:59:16,993 INFO success: tracker entered RUNNING state, process has stayed up for > than 1 seconds (startsecs)
2025-06-01 10:59:23,319 WARN received SIGTERM indicating exit request
2025-06-01 10:59:23,319 INFO waiting for flask_app, tracker to die
2025-06-01 10:59:24,321 WARN stopped: tracker (terminated by SIGTERM)
2025-06-01 10:59:25,323 WARN stopped: flask_app (terminated by SIGTERM)
2025-06-01 10:59:26,426 CRIT Supervisor is running as root.  Privileges were not dropped because no user is specified in the config file.  If you intend to run as root, you can set user=root in the config file to avoid this message.
2025-06-01 10:59:26,427 INFO supervisord started with pid 1
2025-06-01 10:59:27,432 INFO spawned: 'flask_app' with pid 7
2025-06-01 10:59:27,434 INFO spawned: 'tracker' with pid 8
2025-06-01 10:59:27,460 WARN exited: tracker (exit status 1; not expected)
2025-06-01 10:59:28,549 INFO success: flask_app entered RUNNING state, process has stayed up for > than 1 seconds (startsecs)
2025-06-01 10:59:28,553 INFO spawned: 'tracker' with pid 9
2025-06-01 10:59:29,581 INFO success: tracker entered RUNNING state, process has stayed up for > than 1 seconds (startsecs)
2025-06-01 14:45:44,677 WARN received SIGTERM indicating exit request
2025-06-01 14:45:44,678 INFO waiting for flask_app, tracker to die
2025-06-01 14:45:44,806 WARN stopped: tracker (terminated by SIGTERM)
2025-06-01 14:45:44,810 WARN stopped: flask_app (terminated by SIGTERM)
2025-06-01 14:45:45,921 CRIT Supervisor is running as root.  Privileges were not dropped because no user is specified in the config file.  If you intend to run as root, you can set user=root in the config file to avoid this message.
2025-06-01 14:45:45,923 INFO supervisord started with pid 1
2025-06-01 14:45:46,927 INFO spawned: 'flask_app' with pid 7
2025-06-01 14:45:46,929 INFO spawned: 'tracker' with pid 8
2025-06-01 14:45:48,044 INFO success: flask_app entered RUNNING state, process has stayed up for > than 1 seconds (startsecs)
2025-06-01 14:45:48,045 INFO success: tracker entered RUNNING state, process has stayed up for > than 1 seconds (startsecs)
2025-06-01 14:45:56,953 WARN received SIGTERM indicating exit request
2025-06-01 14:45:56,953 INFO waiting for flask_app, tracker to die
2025-06-01 14:45:56,955 WARN stopped: tracker (terminated by SIGTERM)
2025-06-01 14:45:56,961 WARN stopped: flask_app (terminated by SIGTERM)
2025-06-01 14:45:57,802 CRIT Supervisor is running as root.  Privileges were not dropped because no user is specified in the config file.  If you intend to run as root, you can set user=root in the config file to avoid this message.
2025-06-01 14:45:57,804 INFO supervisord started with pid 1
2025-06-01 14:45:58,808 INFO spawned: 'flask_app' with pid 7
2025-06-01 14:45:58,811 INFO spawned: 'tracker' with pid 8
2025-06-01 14:45:58,839 WARN exited: tracker (exit status 1; not expected)
2025-06-01 14:45:59,928 INFO success: flask_app entered RUNNING state, process has stayed up for > than 1 seconds (startsecs)
2025-06-01 14:45:59,932 INFO spawned: 'tracker' with pid 9
2025-06-01 14:46:00,960 INFO success: tracker entered RUNNING state, process has stayed up for > than 1 seconds (startsecs)
2025-06-02 06:15:51,223 WARN received SIGTERM indicating exit request
2025-06-02 06:15:51,223 INFO waiting for flask_app, tracker to die
2025-06-02 06:15:51,607 WARN stopped: tracker (terminated by SIGTERM)
2025-06-02 06:15:51,611 WARN stopped: flask_app (terminated by SIGTERM)
2025-06-02 06:15:52,823 CRIT Supervisor is running as root.  Privileges were not dropped because no user is specified in the config file.  If you intend to run as root, you can set user=root in the config file to avoid this message.
2025-06-02 06:15:52,825 INFO supervisord started with pid 1
2025-06-02 06:15:53,829 INFO spawned: 'flask_app' with pid 7
2025-06-02 06:15:53,831 INFO spawned: 'tracker' with pid 8
2025-06-02 06:15:53,859 WARN exited: tracker (exit status 1; not expected)
2025-06-02 06:15:54,946 INFO success: flask_app entered RUNNING state, process has stayed up for > than 1 seconds (startsecs)
2025-06-02 06:15:54,949 INFO spawned: 'tracker' with pid 9
2025-06-02 06:15:55,974 INFO success: tracker entered RUNNING state, process has stayed up for > than 1 seconds (startsecs)
2025-06-02 06:17:23,145 WARN received SIGTERM indicating exit request
2025-06-02 06:17:23,145 INFO waiting for flask_app, tracker to die
2025-06-02 06:17:23,264 WARN stopped: tracker (terminated by SIGTERM)
2025-06-02 06:17:23,268 WARN stopped: flask_app (terminated by SIGTERM)
2025-06-02 06:17:24,386 CRIT Supervisor is running as root.  Privileges were not dropped because no user is specified in the config file.  If you intend to run as root, you can set user=root in the config file to avoid this message.
2025-06-02 06:17:24,388 INFO supervisord started with pid 1
2025-06-02 06:17:25,392 INFO spawned: 'flask_app' with pid 7
2025-06-02 06:17:25,395 INFO spawned: 'tracker' with pid 8
2025-06-02 06:17:25,422 WARN exited: tracker (exit status 1; not expected)
2025-06-02 06:17:26,512 INFO success: flask_app entered RUNNING state, process has stayed up for > than 1 seconds (startsecs)
2025-06-02 06:17:26,515 INFO spawned: 'tracker' with pid 9
2025-06-02 06:17:27,543 INFO success: tracker entered RUNNING state, process has stayed up for > than 1 seconds (startsecs)
2025-06-02 08:28:12,885 WARN received SIGTERM indicating exit request
2025-06-02 08:28:12,885 INFO waiting for flask_app, tracker to die
2025-06-02 08:28:12,935 WARN stopped: tracker (terminated by SIGTERM)
2025-06-02 08:28:12,936 WARN stopped: flask_app (terminated by SIGTERM)
2025-06-02 08:28:14,072 CRIT Supervisor is running as root.  Privileges were not dropped because no user is specified in the config file.  If you intend to run as root, you can set user=root in the config file to avoid this message.
2025-06-02 08:28:14,074 INFO supervisord started with pid 1
2025-06-02 08:28:15,079 INFO spawned: 'flask_app' with pid 7
2025-06-02 08:28:15,082 INFO spawned: 'tracker' with pid 8
2025-06-02 08:28:16,199 INFO success: flask_app entered RUNNING state, process has stayed up for > than 1 seconds (startsecs)
2025-06-02 08:28:16,200 INFO success: tracker entered RUNNING state, process has stayed up for > than 1 seconds (startsecs)
2025-06-02 09:29:41,457 WARN received SIGTERM indicating exit request
2025-06-02 09:29:41,457 INFO waiting for flask_app, tracker to die
2025-06-02 09:29:41,466 WARN stopped: tracker (terminated by SIGTERM)
2025-06-02 09:29:41,467 WARN stopped: flask_app (terminated by SIGTERM)
2025-06-02 09:29:42,671 CRIT Supervisor is running as root.  Privileges were not dropped because no user is specified in the config file.  If you intend to run as root, you can set user=root in the config file to avoid this message.
2025-06-02 09:29:42,673 INFO supervisord started with pid 1
2025-06-02 09:29:43,677 INFO spawned: 'flask_app' with pid 6
2025-06-02 09:29:43,680 INFO spawned: 'tracker' with pid 7
2025-06-02 09:29:43,706 WARN exited: tracker (exit status 1; not expected)
2025-06-02 09:29:44,796 INFO success: flask_app entered RUNNING state, process has stayed up for > than 1 seconds (startsecs)
2025-06-02 09:29:44,800 INFO spawned: 'tracker' with pid 8
2025-06-02 09:29:45,825 INFO success: tracker entered RUNNING state, process has stayed up for > than 1 seconds (startsecs)
2025-06-02 10:03:34,616 WARN received SIGTERM indicating exit request
2025-06-02 10:03:34,616 INFO waiting for flask_app, tracker to die
2025-06-02 10:03:34,625 WARN stopped: tracker (terminated by SIGTERM)
2025-06-02 10:03:34,627 WARN stopped: flask_app (terminated by SIGTERM)
2025-06-02 10:03:35,696 CRIT Supervisor is running as root.  Privileges were not dropped because no user is specified in the config file.  If you intend to run as root, you can set user=root in the config file to avoid this message.
2025-06-02 10:03:35,697 INFO supervisord started with pid 1
2025-06-02 10:03:36,702 INFO spawned: 'flask_app' with pid 7
2025-06-02 10:03:36,704 INFO spawned: 'tracker' with pid 8
2025-06-02 10:03:37,821 INFO success: flask_app entered RUNNING state, process has stayed up for > than 1 seconds (startsecs)
2025-06-02 10:03:37,822 INFO success: tracker entered RUNNING state, process has stayed up for > than 1 seconds (startsecs)
2025-06-02 10:40:08,999 WARN received SIGTERM indicating exit request
2025-06-02 10:40:09,000 INFO waiting for flask_app, tracker to die
2025-06-02 10:40:09,004 WARN stopped: tracker (terminated by SIGTERM)
2025-06-02 10:40:09,006 WARN stopped: flask_app (terminated by SIGTERM)
2025-06-02 10:40:10,194 CRIT Supervisor is running as root.  Privileges were not dropped because no user is specified in the config file.  If you intend to run as root, you can set user=root in the config file to avoid this message.
2025-06-02 10:40:10,195 INFO supervisord started with pid 1
2025-06-02 10:40:11,200 INFO spawned: 'flask_app' with pid 7
2025-06-02 10:40:11,201 INFO spawned: 'tracker' with pid 8
2025-06-02 10:40:11,229 WARN exited: tracker (exit status 1; not expected)
2025-06-02 10:40:12,322 INFO success: flask_app entered RUNNING state, process has stayed up for > than 1 seconds (startsecs)
2025-06-02 10:40:12,325 INFO spawned: 'tracker' with pid 9
2025-06-02 10:40:13,353 INFO success: tracker entered RUNNING state, process has stayed up for > than 1 seconds (startsecs)
2025-06-02 11:00:44,168 WARN received SIGTERM indicating exit request
2025-06-02 11:00:44,169 INFO waiting for flask_app, tracker to die
2025-06-02 11:00:44,171 WARN stopped: tracker (terminated by SIGTERM)
2025-06-02 11:00:44,176 WARN stopped: flask_app (terminated by SIGTERM)
2025-06-02 11:00:45,023 CRIT Supervisor is running as root.  Privileges were not dropped because no user is specified in the config file.  If you intend to run as root, you can set user=root in the config file to avoid this message.
2025-06-02 11:00:45,024 INFO supervisord started with pid 1
2025-06-02 11:00:46,028 INFO spawned: 'flask_app' with pid 7
2025-06-02 11:00:46,031 INFO spawned: 'tracker' with pid 8
2025-06-02 11:00:47,146 INFO success: flask_app entered RUNNING state, process has stayed up for > than 1 seconds (startsecs)
2025-06-02 11:00:47,146 INFO success: tracker entered RUNNING state, process has stayed up for > than 1 seconds (startsecs)
2025-06-02 12:02:18,367 WARN exited: tracker (exit status 1; not expected)
2025-06-02 12:02:19,371 INFO spawned: 'tracker' with pid 17089
2025-06-02 12:02:19,403 WARN exited: tracker (exit status 1; not expected)
2025-06-02 12:02:20,407 INFO spawned: 'tracker' with pid 17090
2025-06-02 12:02:20,437 WARN exited: tracker (exit status 1; not expected)
2025-06-02 12:02:22,442 INFO spawned: 'tracker' with pid 17091
2025-06-02 12:02:22,443 WARN received SIGTERM indicating exit request
2025-06-02 12:02:22,444 INFO waiting for flask_app, tracker to die
2025-06-02 12:02:22,472 WARN stopped: tracker (exit status 1)
2025-06-02 12:02:22,473 WARN stopped: flask_app (terminated by SIGTERM)
2025-06-02 12:02:23,379 CRIT Supervisor is running as root.  Privileges were not dropped because no user is specified in the config file.  If you intend to run as root, you can set user=root in the config file to avoid this message.
2025-06-02 12:02:23,380 INFO supervisord started with pid 1
2025-06-02 12:02:24,385 INFO spawned: 'flask_app' with pid 8
2025-06-02 12:02:24,388 INFO spawned: 'tracker' with pid 9
2025-06-02 12:02:24,414 WARN exited: tracker (exit status 1; not expected)
2025-06-02 12:02:25,504 INFO success: flask_app entered RUNNING state, process has stayed up for > than 1 seconds (startsecs)
2025-06-02 12:02:25,508 INFO spawned: 'tracker' with pid 10
2025-06-02 12:02:26,533 INFO success: tracker entered RUNNING state, process has stayed up for > than 1 seconds (startsecs)
2025-06-02 13:09:05,801 WARN received SIGTERM indicating exit request
2025-06-02 13:09:05,801 INFO waiting for flask_app, tracker to die
2025-06-02 13:09:05,803 WARN stopped: tracker (terminated by SIGTERM)
2025-06-02 13:09:05,809 WARN stopped: flask_app (terminated by SIGTERM)
2025-06-02 13:09:06,708 CRIT Supervisor is running as root.  Privileges were not dropped because no user is specified in the config file.  If you intend to run as root, you can set user=root in the config file to avoid this message.
2025-06-02 13:09:06,709 INFO supervisord started with pid 1
2025-06-02 13:09:07,714 INFO spawned: 'flask_app' with pid 7
2025-06-02 13:09:07,717 INFO spawned: 'tracker' with pid 8
2025-06-02 13:09:08,832 INFO success: flask_app entered RUNNING state, process has stayed up for > than 1 seconds (startsecs)
2025-06-02 13:09:08,832 INFO success: tracker entered RUNNING state, process has stayed up for > than 1 seconds (startsecs)
2025-06-02 13:12:37,760 WARN exited: tracker (exit status 1; not expected)
2025-06-02 13:12:38,765 INFO spawned: 'tracker' with pid 9
2025-06-02 13:12:38,795 WARN exited: tracker (exit status 1; not expected)
2025-06-02 13:12:39,800 INFO spawned: 'tracker' with pid 10
2025-06-02 13:12:39,801 WARN received SIGTERM indicating exit request
2025-06-02 13:12:39,802 INFO waiting for flask_app, tracker to die
2025-06-02 13:12:39,872 WARN stopped: tracker (exit status 1)
2025-06-02 13:12:39,873 WARN stopped: flask_app (terminated by SIGTERM)
2025-06-02 13:12:40,784 CRIT Supervisor is running as root.  Privileges were not dropped because no user is specified in the config file.  If you intend to run as root, you can set user=root in the config file to avoid this message.
2025-06-02 13:12:40,785 INFO supervisord started with pid 1
2025-06-02 13:12:41,790 INFO spawned: 'flask_app' with pid 7
2025-06-02 13:12:41,793 INFO spawned: 'tracker' with pid 8
2025-06-02 13:12:41,821 WARN exited: tracker (exit status 1; not expected)
2025-06-02 13:12:42,907 INFO success: flask_app entered RUNNING state, process has stayed up for > than 1 seconds (startsecs)
2025-06-02 13:12:42,911 INFO spawned: 'tracker' with pid 9
2025-06-02 13:12:43,938 INFO success: tracker entered RUNNING state, process has stayed up for > than 1 seconds (startsecs)
2025-06-12 07:34:49,982 WARN received SIGTERM indicating exit request
2025-06-12 07:34:49,982 INFO waiting for flask_app, tracker to die
2025-06-12 07:34:49,986 WARN stopped: tracker (terminated by SIGTERM)
2025-06-12 07:34:49,988 WARN stopped: flask_app (terminated by SIGTERM)
2025-06-12 07:34:51,087 CRIT Supervisor is running as root.  Privileges were not dropped because no user is specified in the config file.  If you intend to run as root, you can set user=root in the config file to avoid this message.
2025-06-12 07:34:51,088 INFO supervisord started with pid 1
2025-06-12 07:34:52,093 INFO spawned: 'flask_app' with pid 8
2025-06-12 07:34:52,096 INFO spawned: 'tracker' with pid 9
2025-06-12 07:34:53,119 INFO success: flask_app entered RUNNING state, process has stayed up for > than 1 seconds (startsecs)
2025-06-12 07:34:53,120 INFO success: tracker entered RUNNING state, process has stayed up for > than 1 seconds (startsecs)
2025-06-12 07:35:00,064 WARN received SIGTERM indicating exit request
2025-06-12 07:35:00,064 INFO waiting for flask_app, tracker to die
2025-06-12 07:35:01,066 WARN stopped: tracker (terminated by SIGTERM)
2025-06-12 07:35:01,067 WARN stopped: flask_app (terminated by SIGTERM)
2025-06-12 07:35:01,955 CRIT Supervisor is running as root.  Privileges were not dropped because no user is specified in the config file.  If you intend to run as root, you can set user=root in the config file to avoid this message.
2025-06-12 07:35:01,957 INFO supervisord started with pid 1
2025-06-12 07:35:02,960 INFO spawned: 'flask_app' with pid 7
2025-06-12 07:35:02,962 INFO spawned: 'tracker' with pid 8
2025-06-12 07:35:02,998 WARN exited: tracker (exit status 1; not expected)
2025-06-12 07:35:04,096 INFO success: flask_app entered RUNNING state, process has stayed up for > than 1 seconds (startsecs)
2025-06-12 07:35:04,097 INFO spawned: 'tracker' with pid 9
2025-06-12 07:35:05,122 INFO success: tracker entered RUNNING state, process has stayed up for > than 1 seconds (startsecs)
2025-06-12 07:46:17,789 WARN received SIGTERM indicating exit request
2025-06-12 07:46:17,789 INFO waiting for flask_app, tracker to die
2025-06-12 07:46:17,792 WARN stopped: tracker (terminated by SIGTERM)
2025-06-12 07:46:17,794 WARN stopped: flask_app (terminated by SIGTERM)
2025-06-12 07:46:18,886 CRIT Supervisor is running as root.  Privileges were not dropped because no user is specified in the config file.  If you intend to run as root, you can set user=root in the config file to avoid this message.
2025-06-12 07:46:18,887 INFO supervisord started with pid 1
2025-06-12 07:46:19,892 INFO spawned: 'flask_app' with pid 7
2025-06-12 07:46:19,895 INFO spawned: 'tracker' with pid 8
2025-06-12 07:46:19,921 WARN exited: tracker (exit status 1; not expected)
2025-06-12 07:46:21,010 INFO success: flask_app entered RUNNING state, process has stayed up for > than 1 seconds (startsecs)
2025-06-12 07:46:21,014 INFO spawned: 'tracker' with pid 9
2025-06-12 07:46:22,039 INFO success: tracker entered RUNNING state, process has stayed up for > than 1 seconds (startsecs)
2025-06-13 08:50:44,882 WARN received SIGTERM indicating exit request
2025-06-13 08:50:44,883 INFO waiting for flask_app, tracker to die
2025-06-13 08:50:44,885 WARN stopped: tracker (terminated by SIGTERM)
2025-06-13 08:50:44,891 WARN stopped: flask_app (terminated by SIGTERM)
2025-06-13 08:50:45,908 CRIT Supervisor is running as root.  Privileges were not dropped because no user is specified in the config file.  If you intend to run as root, you can set user=root in the config file to avoid this message.
2025-06-13 08:50:45,909 INFO supervisord started with pid 1
2025-06-13 08:50:46,913 INFO spawned: 'flask_app' with pid 7
2025-06-13 08:50:46,918 INFO spawned: 'tracker' with pid 8
2025-06-13 08:50:48,078 INFO success: flask_app entered RUNNING state, process has stayed up for > than 1 seconds (startsecs)
2025-06-13 08:50:48,079 INFO success: tracker entered RUNNING state, process has stayed up for > than 1 seconds (startsecs)
2025-06-13 08:54:16,025 WARN received SIGTERM indicating exit request
2025-06-13 08:54:16,025 INFO waiting for flask_app, tracker to die
2025-06-13 08:54:16,027 WARN stopped: tracker (terminated by SIGTERM)
2025-06-13 08:54:16,033 WARN stopped: flask_app (terminated by SIGTERM)
2025-06-13 08:54:16,948 CRIT Supervisor is running as root.  Privileges were not dropped because no user is specified in the config file.  If you intend to run as root, you can set user=root in the config file to avoid this message.
2025-06-13 08:54:16,949 INFO supervisord started with pid 1
2025-06-13 08:54:17,953 INFO spawned: 'flask_app' with pid 7
2025-06-13 08:54:17,957 INFO spawned: 'tracker' with pid 8
2025-06-13 08:54:19,071 INFO success: flask_app entered RUNNING state, process has stayed up for > than 1 seconds (startsecs)
2025-06-13 08:54:19,072 INFO success: tracker entered RUNNING state, process has stayed up for > than 1 seconds (startsecs)
2025-06-13 13:31:52,526 WARN exited: tracker (exit status 1; not expected)
2025-06-13 13:31:53,530 INFO spawned: 'tracker' with pid 23917
2025-06-13 13:31:53,561 WARN exited: tracker (exit status 1; not expected)
2025-06-13 13:31:54,566 INFO spawned: 'tracker' with pid 23918
2025-06-13 13:31:54,567 WARN received SIGTERM indicating exit request
2025-06-13 13:31:54,568 INFO waiting for flask_app, tracker to die
2025-06-13 13:31:54,594 WARN stopped: tracker (exit status 1)
2025-06-13 13:31:54,595 WARN stopped: flask_app (terminated by SIGTERM)
2025-06-13 13:31:55,507 CRIT Supervisor is running as root.  Privileges were not dropped because no user is specified in the config file.  If you intend to run as root, you can set user=root in the config file to avoid this message.
2025-06-13 13:31:55,509 INFO supervisord started with pid 1
2025-06-13 13:31:56,513 INFO spawned: 'flask_app' with pid 7
2025-06-13 13:31:56,515 INFO spawned: 'tracker' with pid 8
2025-06-13 13:31:56,542 WARN exited: tracker (exit status 1; not expected)
2025-06-13 13:31:57,630 INFO success: flask_app entered RUNNING state, process has stayed up for > than 1 seconds (startsecs)
2025-06-13 13:31:57,633 INFO spawned: 'tracker' with pid 9
2025-06-13 13:31:58,661 INFO success: tracker entered RUNNING state, process has stayed up for > than 1 seconds (startsecs)
2025-06-16 06:40:05,698 WARN received SIGTERM indicating exit request
2025-06-16 06:40:05,700 INFO waiting for flask_app, tracker to die
2025-06-16 06:40:06,709 WARN stopped: tracker (terminated by SIGTERM)
2025-06-16 06:40:06,711 WARN stopped: flask_app (terminated by SIGTERM)
2025-06-16 06:40:08,075 CRIT Supervisor is running as root.  Privileges were not dropped because no user is specified in the config file.  If you intend to run as root, you can set user=root in the config file to avoid this message.
2025-06-16 06:40:08,076 INFO supervisord started with pid 1
2025-06-16 06:40:09,081 INFO spawned: 'flask_app' with pid 7
2025-06-16 06:40:09,084 INFO spawned: 'tracker' with pid 8
2025-06-16 06:40:09,152 WARN exited: tracker (exit status 1; not expected)
2025-06-16 06:40:10,259 INFO success: flask_app entered RUNNING state, process has stayed up for > than 1 seconds (startsecs)
2025-06-16 06:40:10,263 INFO spawned: 'tracker' with pid 9
2025-06-16 06:40:11,288 INFO success: tracker entered RUNNING state, process has stayed up for > than 1 seconds (startsecs)
2025-06-18 14:19:00,160 CRIT Supervisor is running as root.  Privileges were not dropped because no user is specified in the config file.  If you intend to run as root, you can set user=root in the config file to avoid this message.
2025-06-18 14:19:00,163 INFO supervisord started with pid 1
2025-06-18 14:19:01,165 INFO spawned: 'flask_app' with pid 6
2025-06-18 14:19:01,166 INFO spawned: 'tracker' with pid 7
2025-06-18 14:19:02,292 INFO success: flask_app entered RUNNING state, process has stayed up for > than 1 seconds (startsecs)
2025-06-18 14:19:02,293 INFO success: tracker entered RUNNING state, process has stayed up for > than 1 seconds (startsecs)
2025-06-19 10:02:54,363 WARN received SIGTERM indicating exit request
2025-06-19 10:02:54,364 INFO waiting for flask_app, tracker to die
2025-06-19 10:02:54,365 WARN stopped: tracker (terminated by SIGTERM)
2025-06-19 10:02:54,366 WARN stopped: flask_app (terminated by SIGTERM)
2025-06-19 10:02:55,460 CRIT Supervisor is running as root.  Privileges were not dropped because no user is specified in the config file.  If you intend to run as root, you can set user=root in the config file to avoid this message.
2025-06-19 10:02:55,462 INFO supervisord started with pid 1
2025-06-19 10:02:56,466 INFO spawned: 'flask_app' with pid 6
2025-06-19 10:02:56,469 INFO spawned: 'tracker' with pid 7
2025-06-19 10:02:56,495 WARN exited: tracker (exit status 1; not expected)
2025-06-19 10:02:57,591 INFO success: flask_app entered RUNNING state, process has stayed up for > than 1 seconds (startsecs)
2025-06-19 10:02:57,595 INFO spawned: 'tracker' with pid 8
2025-06-19 10:02:58,622 INFO success: tracker entered RUNNING state, process has stayed up for > than 1 seconds (startsecs)
2025-06-19 11:00:05,321 WARN received SIGTERM indicating exit request
2025-06-19 11:00:05,321 INFO waiting for flask_app, tracker to die
2025-06-19 11:00:05,322 WARN stopped: tracker (terminated by SIGTERM)
2025-06-19 11:00:05,323 WARN stopped: flask_app (terminated by SIGTERM)
2025-06-19 11:00:06,121 CRIT Supervisor is running as root.  Privileges were not dropped because no user is specified in the config file.  If you intend to run as root, you can set user=root in the config file to avoid this message.
2025-06-19 11:00:06,123 INFO supervisord started with pid 1
2025-06-19 11:00:07,127 INFO spawned: 'flask_app' with pid 7
2025-06-19 11:00:07,130 INFO spawned: 'tracker' with pid 8
2025-06-19 11:00:08,245 INFO success: flask_app entered RUNNING state, process has stayed up for > than 1 seconds (startsecs)
2025-06-19 11:00:08,245 INFO success: tracker entered RUNNING state, process has stayed up for > than 1 seconds (startsecs)
2025-06-19 11:05:04,195 WARN received SIGTERM indicating exit request
2025-06-19 11:05:04,196 INFO waiting for flask_app, tracker to die
2025-06-19 11:05:04,198 WARN stopped: tracker (terminated by SIGTERM)
2025-06-19 11:05:04,203 WARN stopped: flask_app (terminated by SIGTERM)
2025-06-19 11:05:05,125 CRIT Supervisor is running as root.  Privileges were not dropped because no user is specified in the config file.  If you intend to run as root, you can set user=root in the config file to avoid this message.
2025-06-19 11:05:05,126 INFO supervisord started with pid 1
2025-06-19 11:05:06,130 INFO spawned: 'flask_app' with pid 7
2025-06-19 11:05:06,133 INFO spawned: 'tracker' with pid 8
2025-06-19 11:05:07,248 INFO success: flask_app entered RUNNING state, process has stayed up for > than 1 seconds (startsecs)
2025-06-19 11:05:07,248 INFO success: tracker entered RUNNING state, process has stayed up for > than 1 seconds (startsecs)
2025-06-19 11:05:11,254 WARN received SIGTERM indicating exit request
2025-06-19 11:05:11,255 INFO waiting for flask_app, tracker to die
2025-06-19 11:05:11,257 WARN stopped: tracker (terminated by SIGTERM)
2025-06-19 11:05:11,262 WARN stopped: flask_app (terminated by SIGTERM)
2025-06-19 11:05:12,067 CRIT Supervisor is running as root.  Privileges were not dropped because no user is specified in the config file.  If you intend to run as root, you can set user=root in the config file to avoid this message.
2025-06-19 11:05:12,069 INFO supervisord started with pid 1
2025-06-19 11:05:13,073 INFO spawned: 'flask_app' with pid 7
2025-06-19 11:05:13,076 INFO spawned: 'tracker' with pid 8
2025-06-19 11:05:13,103 WARN exited: tracker (exit status 1; not expected)
2025-06-19 11:05:14,195 INFO success: flask_app entered RUNNING state, process has stayed up for > than 1 seconds (startsecs)
2025-06-19 11:05:14,198 INFO spawned: 'tracker' with pid 9
2025-06-19 11:05:15,224 INFO success: tracker entered RUNNING state, process has stayed up for > than 1 seconds (startsecs)
2025-06-19 11:22:42,329 WARN received SIGTERM indicating exit request
2025-06-19 11:22:42,330 INFO waiting for flask_app, tracker to die
2025-06-19 11:22:43,332 WARN stopped: tracker (terminated by SIGTERM)
2025-06-19 11:22:43,333 WARN stopped: flask_app (terminated by SIGTERM)
2025-06-19 11:22:44,292 CRIT Supervisor is running as root.  Privileges were not dropped because no user is specified in the config file.  If you intend to run as root, you can set user=root in the config file to avoid this message.
2025-06-19 11:22:44,294 INFO supervisord started with pid 1
2025-06-19 11:22:45,298 INFO spawned: 'flask_app' with pid 7
2025-06-19 11:22:45,301 INFO spawned: 'tracker' with pid 8
2025-06-19 11:22:46,416 INFO success: flask_app entered RUNNING state, process has stayed up for > than 1 seconds (startsecs)
2025-06-19 11:22:46,416 INFO success: tracker entered RUNNING state, process has stayed up for > than 1 seconds (startsecs)
2025-06-24 10:54:28,040 WARN received SIGTERM indicating exit request
2025-06-24 10:54:28,044 INFO waiting for flask_app, tracker to die
2025-06-24 10:54:28,046 WARN stopped: tracker (terminated by SIGTERM)
2025-06-24 10:54:28,052 WARN stopped: flask_app (terminated by SIGTERM)
2025-06-24 10:54:29,160 CRIT Supervisor is running as root.  Privileges were not dropped because no user is specified in the config file.  If you intend to run as root, you can set user=root in the config file to avoid this message.
2025-06-24 10:54:29,162 INFO supervisord started with pid 1
2025-06-24 10:54:30,166 INFO spawned: 'flask_app' with pid 7
2025-06-24 10:54:30,169 INFO spawned: 'tracker' with pid 8
2025-06-24 10:54:31,331 INFO success: flask_app entered RUNNING state, process has stayed up for > than 1 seconds (startsecs)
2025-06-24 10:54:31,332 INFO success: tracker entered RUNNING state, process has stayed up for > than 1 seconds (startsecs)
2025-06-24 10:54:40,220 WARN exited: tracker (exit status 1; not expected)
2025-06-24 10:54:41,225 INFO spawned: 'tracker' with pid 9
2025-06-24 10:54:41,226 WARN received SIGTERM indicating exit request
2025-06-24 10:54:41,227 INFO waiting for flask_app, tracker to die
2025-06-24 10:54:41,257 WARN stopped: tracker (exit status 1)
2025-06-24 10:54:41,258 WARN stopped: flask_app (terminated by SIGTERM)
2025-06-24 10:54:42,130 CRIT Supervisor is running as root.  Privileges were not dropped because no user is specified in the config file.  If you intend to run as root, you can set user=root in the config file to avoid this message.
2025-06-24 10:54:42,131 INFO supervisord started with pid 1
2025-06-24 10:54:43,133 INFO spawned: 'flask_app' with pid 7
2025-06-24 10:54:43,134 INFO spawned: 'tracker' with pid 8
2025-06-24 10:54:43,161 WARN exited: tracker (exit status 1; not expected)
2025-06-24 10:54:44,252 INFO success: flask_app entered RUNNING state, process has stayed up for > than 1 seconds (startsecs)
2025-06-24 10:54:44,255 INFO spawned: 'tracker' with pid 9
2025-06-24 10:54:45,283 INFO success: tracker entered RUNNING state, process has stayed up for > than 1 seconds (startsecs)
2025-06-25 08:28:38,188 WARN received SIGTERM indicating exit request
2025-06-25 08:28:38,190 INFO waiting for flask_app, tracker to die
2025-06-25 08:28:39,194 WARN stopped: tracker (terminated by SIGTERM)
2025-06-25 08:28:39,197 WARN stopped: flask_app (terminated by SIGTERM)
2025-06-25 08:28:40,694 CRIT Supervisor is running as root.  Privileges were not dropped because no user is specified in the config file.  If you intend to run as root, you can set user=root in the config file to avoid this message.
2025-06-25 08:28:40,695 INFO supervisord started with pid 1
2025-06-25 08:28:41,700 INFO spawned: 'flask_app' with pid 6
2025-06-25 08:28:41,703 INFO spawned: 'tracker' with pid 7
2025-06-25 08:28:41,729 WARN exited: tracker (exit status 1; not expected)
2025-06-25 08:28:42,818 INFO success: flask_app entered RUNNING state, process has stayed up for > than 1 seconds (startsecs)
2025-06-25 08:28:42,822 INFO spawned: 'tracker' with pid 8
2025-06-25 08:28:43,850 INFO success: tracker entered RUNNING state, process has stayed up for > than 1 seconds (startsecs)
2025-06-25 11:16:41,710 WARN received SIGTERM indicating exit request
2025-06-25 11:16:41,711 INFO waiting for flask_app, tracker to die
2025-06-25 11:16:41,713 WARN stopped: tracker (terminated by SIGTERM)
2025-06-25 11:16:41,718 WARN stopped: flask_app (terminated by SIGTERM)
2025-06-25 11:16:42,597 CRIT Supervisor is running as root.  Privileges were not dropped because no user is specified in the config file.  If you intend to run as root, you can set user=root in the config file to avoid this message.
2025-06-25 11:16:42,598 INFO supervisord started with pid 1
2025-06-25 11:16:43,602 INFO spawned: 'flask_app' with pid 6
2025-06-25 11:16:43,605 INFO spawned: 'tracker' with pid 7
2025-06-25 11:16:44,724 INFO success: flask_app entered RUNNING state, process has stayed up for > than 1 seconds (startsecs)
2025-06-25 11:16:44,724 INFO success: tracker entered RUNNING state, process has stayed up for > than 1 seconds (startsecs)
2025-06-25 11:16:50,732 WARN received SIGTERM indicating exit request
2025-06-25 11:16:50,733 INFO waiting for flask_app, tracker to die
2025-06-25 11:16:50,735 WARN stopped: tracker (terminated by SIGTERM)
2025-06-25 11:16:50,740 WARN stopped: flask_app (terminated by SIGTERM)
2025-06-25 11:16:51,617 CRIT Supervisor is running as root.  Privileges were not dropped because no user is specified in the config file.  If you intend to run as root, you can set user=root in the config file to avoid this message.
2025-06-25 11:16:51,619 INFO supervisord started with pid 1
2025-06-25 11:16:52,623 INFO spawned: 'flask_app' with pid 7
2025-06-25 11:16:52,628 INFO spawned: 'tracker' with pid 8
2025-06-25 11:16:52,654 WARN exited: tracker (exit status 1; not expected)
2025-06-25 11:16:53,744 INFO success: flask_app entered RUNNING state, process has stayed up for > than 1 seconds (startsecs)
2025-06-25 11:16:53,747 INFO spawned: 'tracker' with pid 9
2025-06-25 11:16:54,775 INFO success: tracker entered RUNNING state, process has stayed up for > than 1 seconds (startsecs)
2025-06-26 14:24:21,998 CRIT Supervisor is running as root.  Privileges were not dropped because no user is specified in the config file.  If you intend to run as root, you can set user=root in the config file to avoid this message.
2025-06-26 14:24:22,001 INFO supervisord started with pid 1
2025-06-26 14:24:23,003 INFO spawned: 'flask_app' with pid 7
2025-06-26 14:24:23,004 INFO spawned: 'tracker' with pid 8
2025-06-26 14:24:24,294 INFO success: flask_app entered RUNNING state, process has stayed up for > than 1 seconds (startsecs)
2025-06-26 14:24:24,294 INFO success: tracker entered RUNNING state, process has stayed up for > than 1 seconds (startsecs)
2025-06-27 06:36:45,214 WARN exited: tracker (exit status 1; not expected)
2025-06-27 06:36:46,219 INFO spawned: 'tracker' with pid 45
2025-06-27 06:36:46,220 WARN received SIGTERM indicating exit request
2025-06-27 06:36:46,221 INFO waiting for flask_app, tracker to die
2025-06-27 06:36:46,248 WARN stopped: tracker (exit status 1)
2025-06-27 06:36:46,250 WARN stopped: flask_app (terminated by SIGTERM)
2025-06-27 06:36:47,199 CRIT Supervisor is running as root.  Privileges were not dropped because no user is specified in the config file.  If you intend to run as root, you can set user=root in the config file to avoid this message.
2025-06-27 06:36:47,200 INFO supervisord started with pid 1
2025-06-27 06:36:48,204 INFO spawned: 'flask_app' with pid 7
2025-06-27 06:36:48,208 INFO spawned: 'tracker' with pid 8
2025-06-27 06:36:48,234 WARN exited: tracker (exit status 1; not expected)
2025-06-27 06:36:49,330 INFO success: flask_app entered RUNNING state, process has stayed up for > than 1 seconds (startsecs)
2025-06-27 06:36:49,334 INFO spawned: 'tracker' with pid 9
2025-06-27 06:36:50,361 INFO success: tracker entered RUNNING state, process has stayed up for > than 1 seconds (startsecs)
2025-06-27 06:45:18,334 WARN received SIGTERM indicating exit request
2025-06-27 06:45:18,334 INFO waiting for flask_app, tracker to die
2025-06-27 06:45:19,336 WARN stopped: tracker (terminated by SIGTERM)
2025-06-27 06:45:19,339 WARN stopped: flask_app (terminated by SIGTERM)
2025-06-27 06:45:20,534 CRIT Supervisor is running as root.  Privileges were not dropped because no user is specified in the config file.  If you intend to run as root, you can set user=root in the config file to avoid this message.
2025-06-27 06:45:20,535 INFO supervisord started with pid 1
2025-06-27 06:45:21,540 INFO spawned: 'flask_app' with pid 8
2025-06-27 06:45:21,542 INFO spawned: 'tracker' with pid 9
2025-06-27 06:45:22,566 INFO success: flask_app entered RUNNING state, process has stayed up for > than 1 seconds (startsecs)
2025-06-27 06:45:22,567 INFO success: tracker entered RUNNING state, process has stayed up for > than 1 seconds (startsecs)
2025-06-27 11:09:59,264 CRIT Supervisor is running as root.  Privileges were not dropped because no user is specified in the config file.  If you intend to run as root, you can set user=root in the config file to avoid this message.
2025-06-27 11:09:59,267 INFO supervisord started with pid 1
2025-06-27 11:10:00,268 INFO spawned: 'flask_app' with pid 6
2025-06-27 11:10:00,269 INFO spawned: 'tracker' with pid 7
2025-06-27 11:10:01,376 INFO success: flask_app entered RUNNING state, process has stayed up for > than 1 seconds (startsecs)
2025-06-27 11:10:01,376 INFO success: tracker entered RUNNING state, process has stayed up for > than 1 seconds (startsecs)
2025-06-27 11:17:05,581 WARN received SIGTERM indicating exit request
2025-06-27 11:17:05,581 INFO waiting for flask_app, tracker to die
2025-06-27 11:17:06,583 WARN stopped: tracker (terminated by SIGTERM)
2025-06-27 11:17:07,584 WARN stopped: flask_app (terminated by SIGTERM)
2025-06-27 11:17:08,734 CRIT Supervisor is running as root.  Privileges were not dropped because no user is specified in the config file.  If you intend to run as root, you can set user=root in the config file to avoid this message.
2025-06-27 11:17:08,736 INFO supervisord started with pid 1
2025-06-27 11:17:09,740 INFO spawned: 'flask_app' with pid 7
2025-06-27 11:17:09,743 INFO spawned: 'tracker' with pid 8
2025-06-27 11:17:10,856 INFO success: flask_app entered RUNNING state, process has stayed up for > than 1 seconds (startsecs)
2025-06-27 11:17:10,856 INFO success: tracker entered RUNNING state, process has stayed up for > than 1 seconds (startsecs)
2025-06-27 11:18:49,780 WARN exited: tracker (exit status 1; not expected)
2025-06-27 11:18:50,785 INFO spawned: 'tracker' with pid 9
2025-06-27 11:18:50,815 WARN exited: tracker (exit status 1; not expected)
2025-06-27 11:18:51,819 INFO spawned: 'tracker' with pid 10
2025-06-27 11:18:51,849 WARN exited: tracker (exit status 1; not expected)
2025-06-27 11:18:53,855 INFO spawned: 'tracker' with pid 11
2025-06-27 11:18:53,884 WARN exited: tracker (exit status 1; not expected)
2025-06-27 11:18:56,891 INFO spawned: 'tracker' with pid 12
2025-06-27 11:18:56,922 WARN exited: tracker (exit status 1; not expected)
2025-06-27 11:18:57,924 INFO gave up: tracker entered FATAL state, too many start retries too quickly
2025-06-27 11:21:30,878 WARN received SIGTERM indicating exit request
2025-06-27 11:21:30,878 INFO waiting for flask_app to die
2025-06-27 11:21:31,885 WARN stopped: flask_app (terminated by SIGTERM)
2025-06-27 11:21:32,938 CRIT Supervisor is running as root.  Privileges were not dropped because no user is specified in the config file.  If you intend to run as root, you can set user=root in the config file to avoid this message.
2025-06-27 11:21:32,939 INFO supervisord started with pid 1
2025-06-27 11:21:33,944 INFO spawned: 'flask_app' with pid 6
2025-06-27 11:21:33,946 INFO spawned: 'tracker' with pid 7
2025-06-27 11:21:33,972 WARN exited: tracker (exit status 1; not expected)
2025-06-27 11:21:35,076 INFO success: flask_app entered RUNNING state, process has stayed up for > than 1 seconds (startsecs)
2025-06-27 11:21:35,080 INFO spawned: 'tracker' with pid 8
2025-06-27 11:21:36,108 INFO success: tracker entered RUNNING state, process has stayed up for > than 1 seconds (startsecs)
2025-06-27 11:26:54,219 WARN received SIGTERM indicating exit request
2025-06-27 11:26:54,219 INFO waiting for flask_app, tracker to die
2025-06-27 11:26:55,221 WARN stopped: tracker (terminated by SIGTERM)
2025-06-27 11:26:55,222 WARN stopped: flask_app (terminated by SIGTERM)
2025-06-27 11:26:56,405 CRIT Supervisor is running as root.  Privileges were not dropped because no user is specified in the config file.  If you intend to run as root, you can set user=root in the config file to avoid this message.
2025-06-27 11:26:56,407 INFO supervisord started with pid 1
2025-06-27 11:26:57,411 INFO spawned: 'flask_app' with pid 7
2025-06-27 11:26:57,414 INFO spawned: 'tracker' with pid 8
2025-06-27 11:26:57,440 WARN exited: tracker (exit status 1; not expected)
2025-06-27 11:26:58,531 INFO success: flask_app entered RUNNING state, process has stayed up for > than 1 seconds (startsecs)
2025-06-27 11:26:58,535 INFO spawned: 'tracker' with pid 9
2025-06-27 11:26:59,560 INFO success: tracker entered RUNNING state, process has stayed up for > than 1 seconds (startsecs)
2025-06-27 13:19:55,344 WARN received SIGTERM indicating exit request
2025-06-27 13:19:55,344 INFO waiting for flask_app, tracker to die
2025-06-27 13:19:56,346 WARN stopped: tracker (terminated by SIGTERM)
2025-06-27 13:19:57,348 WARN stopped: flask_app (terminated by SIGTERM)
2025-06-27 13:19:58,440 CRIT Supervisor is running as root.  Privileges were not dropped because no user is specified in the config file.  If you intend to run as root, you can set user=root in the config file to avoid this message.
2025-06-27 13:19:58,442 INFO supervisord started with pid 1
2025-06-27 13:19:59,446 INFO spawned: 'flask_app' with pid 7
2025-06-27 13:19:59,449 INFO spawned: 'tracker' with pid 8
2025-06-27 13:20:00,566 INFO success: flask_app entered RUNNING state, process has stayed up for > than 1 seconds (startsecs)
2025-06-27 13:20:00,567 INFO success: tracker entered RUNNING state, process has stayed up for > than 1 seconds (startsecs)
2025-06-27 13:21:52,852 WARN received SIGTERM indicating exit request
2025-06-27 13:21:52,852 INFO waiting for flask_app, tracker to die
2025-06-27 13:21:53,380 WARN stopped: tracker (terminated by SIGTERM)
2025-06-27 13:21:53,382 WARN stopped: flask_app (terminated by SIGTERM)
2025-06-27 13:22:31,026 CRIT Supervisor is running as root.  Privileges were not dropped because no user is specified in the config file.  If you intend to run as root, you can set user=root in the config file to avoid this message.
2025-06-27 13:22:31,027 INFO supervisord started with pid 1
2025-06-27 13:22:32,032 INFO spawned: 'flask_app' with pid 7
2025-06-27 13:22:32,035 INFO spawned: 'tracker' with pid 8
2025-06-27 13:22:33,168 INFO success: flask_app entered RUNNING state, process has stayed up for > than 1 seconds (startsecs)
2025-06-27 13:22:33,169 INFO success: tracker entered RUNNING state, process has stayed up for > than 1 seconds (startsecs)
2025-06-27 13:24:32,974 WARN received SIGTERM indicating exit request
2025-06-27 13:24:32,975 INFO waiting for flask_app, tracker to die
2025-06-27 13:24:32,977 WARN stopped: tracker (terminated by SIGTERM)
2025-06-27 13:24:32,983 WARN stopped: flask_app (terminated by SIGTERM)
2025-06-27 13:24:33,874 CRIT Supervisor is running as root.  Privileges were not dropped because no user is specified in the config file.  If you intend to run as root, you can set user=root in the config file to avoid this message.
2025-06-27 13:24:33,875 INFO supervisord started with pid 1
2025-06-27 13:24:34,880 INFO spawned: 'flask_app' with pid 7
2025-06-27 13:24:34,882 INFO spawned: 'tracker' with pid 8
2025-06-27 13:24:35,998 INFO success: flask_app entered RUNNING state, process has stayed up for > than 1 seconds (startsecs)
2025-06-27 13:24:35,998 INFO success: tracker entered RUNNING state, process has stayed up for > than 1 seconds (startsecs)
2025-06-27 13:26:06,619 WARN received SIGTERM indicating exit request
2025-06-27 13:26:06,620 INFO waiting for flask_app, tracker to die
2025-06-27 13:26:06,622 WARN stopped: tracker (terminated by SIGTERM)
2025-06-27 13:26:06,627 WARN stopped: flask_app (terminated by SIGTERM)
2025-06-27 13:26:07,582 CRIT Supervisor is running as root.  Privileges were not dropped because no user is specified in the config file.  If you intend to run as root, you can set user=root in the config file to avoid this message.
2025-06-27 13:26:07,583 INFO supervisord started with pid 1
2025-06-27 13:26:08,588 INFO spawned: 'flask_app' with pid 6
2025-06-27 13:26:08,591 INFO spawned: 'tracker' with pid 7
2025-06-27 13:26:09,705 INFO success: flask_app entered RUNNING state, process has stayed up for > than 1 seconds (startsecs)
2025-06-27 13:26:09,706 INFO success: tracker entered RUNNING state, process has stayed up for > than 1 seconds (startsecs)
2025-06-27 13:27:19,219 WARN received SIGTERM indicating exit request
2025-06-27 13:27:19,219 INFO waiting for flask_app, tracker to die
2025-06-27 13:27:19,221 WARN stopped: tracker (terminated by SIGTERM)
2025-06-27 13:27:19,227 WARN stopped: flask_app (terminated by SIGTERM)
2025-06-27 13:27:20,153 CRIT Supervisor is running as root.  Privileges were not dropped because no user is specified in the config file.  If you intend to run as root, you can set user=root in the config file to avoid this message.
2025-06-27 13:27:20,154 INFO supervisord started with pid 1
2025-06-27 13:27:21,158 INFO spawned: 'flask_app' with pid 7
2025-06-27 13:27:21,161 INFO spawned: 'tracker' with pid 8
2025-06-27 13:27:22,276 INFO success: flask_app entered RUNNING state, process has stayed up for > than 1 seconds (startsecs)
2025-06-27 13:27:22,277 INFO success: tracker entered RUNNING state, process has stayed up for > than 1 seconds (startsecs)
2025-06-27 13:43:22,594 WARN received SIGTERM indicating exit request
2025-06-27 13:43:22,594 INFO waiting for flask_app, tracker to die
2025-06-27 13:43:23,596 WARN stopped: tracker (terminated by SIGTERM)
2025-06-27 13:43:23,597 WARN stopped: flask_app (terminated by SIGTERM)
2025-06-27 13:43:24,914 CRIT Supervisor is running as root.  Privileges were not dropped because no user is specified in the config file.  If you intend to run as root, you can set user=root in the config file to avoid this message.
2025-06-27 13:43:24,916 INFO supervisord started with pid 1
2025-06-27 13:43:25,920 INFO spawned: 'flask_app' with pid 7
2025-06-27 13:43:25,923 INFO spawned: 'tracker' with pid 8
2025-06-27 13:43:27,036 INFO success: flask_app entered RUNNING state, process has stayed up for > than 1 seconds (startsecs)
2025-06-27 13:43:27,036 INFO success: tracker entered RUNNING state, process has stayed up for > than 1 seconds (startsecs)
2025-06-27 14:13:20,195 WARN received SIGTERM indicating exit request
2025-06-27 14:13:20,196 INFO waiting for flask_app, tracker to die
2025-06-27 14:13:21,197 WARN stopped: tracker (terminated by SIGTERM)
2025-06-27 14:13:21,198 WARN stopped: flask_app (terminated by SIGTERM)
2025-06-27 14:13:22,282 CRIT Supervisor is running as root.  Privileges were not dropped because no user is specified in the config file.  If you intend to run as root, you can set user=root in the config file to avoid this message.
2025-06-27 14:13:22,283 INFO supervisord started with pid 1
2025-06-27 14:13:23,287 INFO spawned: 'flask_app' with pid 7
2025-06-27 14:13:23,290 INFO spawned: 'tracker' with pid 8
2025-06-27 14:13:23,316 WARN exited: tracker (exit status 1; not expected)
2025-06-27 14:13:24,405 INFO success: flask_app entered RUNNING state, process has stayed up for > than 1 seconds (startsecs)
2025-06-27 14:13:24,408 INFO spawned: 'tracker' with pid 9
2025-06-27 14:13:25,437 INFO success: tracker entered RUNNING state, process has stayed up for > than 1 seconds (startsecs)
2025-06-27 14:20:05,572 WARN received SIGTERM indicating exit request
2025-06-27 14:20:05,572 INFO waiting for flask_app, tracker to die
2025-06-27 14:20:06,574 WARN stopped: tracker (terminated by SIGTERM)
2025-06-27 14:20:06,576 WARN stopped: flask_app (terminated by SIGTERM)
2025-06-27 14:20:07,641 CRIT Supervisor is running as root.  Privileges were not dropped because no user is specified in the config file.  If you intend to run as root, you can set user=root in the config file to avoid this message.
2025-06-27 14:20:07,642 INFO supervisord started with pid 1
2025-06-27 14:20:08,645 INFO spawned: 'flask_app' with pid 8
2025-06-27 14:20:08,649 INFO spawned: 'tracker' with pid 9
2025-06-27 14:20:09,762 INFO success: flask_app entered RUNNING state, process has stayed up for > than 1 seconds (startsecs)
2025-06-27 14:20:09,763 INFO success: tracker entered RUNNING state, process has stayed up for > than 1 seconds (startsecs)
2025-06-27 14:23:35,537 WARN received SIGTERM indicating exit request
2025-06-27 14:23:35,538 INFO waiting for flask_app, tracker to die
2025-06-27 14:23:36,539 WARN stopped: tracker (terminated by SIGTERM)
2025-06-27 14:23:36,541 WARN stopped: flask_app (terminated by SIGTERM)
2025-06-27 14:23:37,706 CRIT Supervisor is running as root.  Privileges were not dropped because no user is specified in the config file.  If you intend to run as root, you can set user=root in the config file to avoid this message.
2025-06-27 14:23:37,707 INFO supervisord started with pid 1
2025-06-27 14:23:38,712 INFO spawned: 'flask_app' with pid 7
2025-06-27 14:23:38,714 INFO spawned: 'tracker' with pid 8
2025-06-27 14:23:39,829 INFO success: flask_app entered RUNNING state, process has stayed up for > than 1 seconds (startsecs)
2025-06-27 14:23:39,830 INFO success: tracker entered RUNNING state, process has stayed up for > than 1 seconds (startsecs)
2025-06-27 15:07:52,842 WARN received SIGTERM indicating exit request
2025-06-27 15:07:52,842 INFO waiting for flask_app, tracker to die
2025-06-27 15:07:53,027 WARN stopped: tracker (terminated by SIGTERM)
2025-06-27 15:07:53,028 WARN stopped: flask_app (terminated by SIGTERM)
2025-06-27 15:07:54,100 CRIT Supervisor is running as root.  Privileges were not dropped because no user is specified in the config file.  If you intend to run as root, you can set user=root in the config file to avoid this message.
2025-06-27 15:07:54,101 INFO supervisord started with pid 1
2025-06-27 15:07:55,103 INFO spawned: 'flask_app' with pid 7
2025-06-27 15:07:55,104 INFO spawned: 'tracker' with pid 8
2025-06-27 15:07:56,226 INFO success: flask_app entered RUNNING state, process has stayed up for > than 1 seconds (startsecs)
2025-06-27 15:07:56,227 INFO success: tracker entered RUNNING state, process has stayed up for > than 1 seconds (startsecs)
2025-06-27 15:14:27,036 WARN received SIGTERM indicating exit request
2025-06-27 15:14:27,037 INFO waiting for flask_app, tracker to die
2025-06-27 15:14:27,108 WARN stopped: tracker (terminated by SIGTERM)
2025-06-27 15:14:27,110 WARN stopped: flask_app (terminated by SIGTERM)
2025-06-27 15:14:28,225 CRIT Supervisor is running as root.  Privileges were not dropped because no user is specified in the config file.  If you intend to run as root, you can set user=root in the config file to avoid this message.
2025-06-27 15:14:28,226 INFO supervisord started with pid 1
2025-06-27 15:14:29,230 INFO spawned: 'flask_app' with pid 7
2025-06-27 15:14:29,233 INFO spawned: 'tracker' with pid 8
2025-06-27 15:14:30,348 INFO success: flask_app entered RUNNING state, process has stayed up for > than 1 seconds (startsecs)
2025-06-27 15:14:30,348 INFO success: tracker entered RUNNING state, process has stayed up for > than 1 seconds (startsecs)
2025-06-27 15:22:22,303 WARN received SIGTERM indicating exit request
2025-06-27 15:22:22,303 INFO waiting for flask_app, tracker to die
2025-06-27 15:22:23,305 WARN stopped: tracker (terminated by SIGTERM)
2025-06-27 15:22:23,306 WARN stopped: flask_app (terminated by SIGTERM)
2025-06-27 15:22:24,406 CRIT Supervisor is running as root.  Privileges were not dropped because no user is specified in the config file.  If you intend to run as root, you can set user=root in the config file to avoid this message.
2025-06-27 15:22:24,407 INFO supervisord started with pid 1
2025-06-27 15:22:25,409 INFO spawned: 'flask_app' with pid 7
2025-06-27 15:22:25,411 INFO spawned: 'tracker' with pid 8
2025-06-27 15:22:26,526 INFO success: flask_app entered RUNNING state, process has stayed up for > than 1 seconds (startsecs)
2025-06-27 15:22:26,526 INFO success: tracker entered RUNNING state, process has stayed up for > than 1 seconds (startsecs)
2025-06-27 15:26:36,906 WARN received SIGTERM indicating exit request
2025-06-27 15:26:36,906 INFO waiting for flask_app, tracker to die
2025-06-27 15:26:37,908 WARN stopped: tracker (terminated by SIGTERM)
2025-06-27 15:26:37,909 WARN stopped: flask_app (terminated by SIGTERM)
2025-06-27 15:26:39,020 CRIT Supervisor is running as root.  Privileges were not dropped because no user is specified in the config file.  If you intend to run as root, you can set user=root in the config file to avoid this message.
2025-06-27 15:26:39,021 INFO supervisord started with pid 1
2025-06-27 15:26:40,026 INFO spawned: 'flask_app' with pid 7
2025-06-27 15:26:40,028 INFO spawned: 'tracker' with pid 8
2025-06-27 15:26:41,144 INFO success: flask_app entered RUNNING state, process has stayed up for > than 1 seconds (startsecs)
2025-06-27 15:26:41,145 INFO success: tracker entered RUNNING state, process has stayed up for > than 1 seconds (startsecs)
2025-06-27 15:32:13,601 WARN received SIGTERM indicating exit request
2025-06-27 15:32:13,601 INFO waiting for flask_app, tracker to die
2025-06-27 15:32:13,802 WARN stopped: tracker (terminated by SIGTERM)
2025-06-27 15:32:13,803 WARN stopped: flask_app (terminated by SIGTERM)
2025-06-27 15:32:14,943 CRIT Supervisor is running as root.  Privileges were not dropped because no user is specified in the config file.  If you intend to run as root, you can set user=root in the config file to avoid this message.
2025-06-27 15:32:14,944 INFO supervisord started with pid 1
2025-06-27 15:32:15,948 INFO spawned: 'flask_app' with pid 7
2025-06-27 15:32:15,953 INFO spawned: 'tracker' with pid 8
2025-06-27 15:32:17,069 INFO success: flask_app entered RUNNING state, process has stayed up for > than 1 seconds (startsecs)
2025-06-27 15:32:17,069 INFO success: tracker entered RUNNING state, process has stayed up for > than 1 seconds (startsecs)
2025-06-27 15:36:26,092 WARN received SIGTERM indicating exit request
2025-06-27 15:36:26,092 INFO waiting for flask_app, tracker to die
2025-06-27 15:36:27,094 WARN stopped: tracker (terminated by SIGTERM)
2025-06-27 15:36:27,095 WARN stopped: flask_app (terminated by SIGTERM)
2025-06-27 15:36:28,140 CRIT Supervisor is running as root.  Privileges were not dropped because no user is specified in the config file.  If you intend to run as root, you can set user=root in the config file to avoid this message.
2025-06-27 15:36:28,141 INFO supervisord started with pid 1
2025-06-27 15:36:29,145 INFO spawned: 'flask_app' with pid 6
2025-06-27 15:36:29,148 INFO spawned: 'tracker' with pid 7
2025-06-27 15:36:30,264 INFO success: flask_app entered RUNNING state, process has stayed up for > than 1 seconds (startsecs)
2025-06-27 15:36:30,264 INFO success: tracker entered RUNNING state, process has stayed up for > than 1 seconds (startsecs)
2025-06-27 15:44:13,853 WARN received SIGTERM indicating exit request
2025-06-27 15:44:13,853 INFO waiting for flask_app, tracker to die
2025-06-27 15:44:13,858 WARN stopped: tracker (terminated by SIGTERM)
2025-06-27 15:44:13,859 WARN stopped: flask_app (terminated by SIGTERM)
2025-06-27 15:44:14,983 CRIT Supervisor is running as root.  Privileges were not dropped because no user is specified in the config file.  If you intend to run as root, you can set user=root in the config file to avoid this message.
2025-06-27 15:44:14,985 INFO supervisord started with pid 1
2025-06-27 15:44:15,989 INFO spawned: 'flask_app' with pid 7
2025-06-27 15:44:15,992 INFO spawned: 'tracker' with pid 8
2025-06-27 15:44:17,106 INFO success: flask_app entered RUNNING state, process has stayed up for > than 1 seconds (startsecs)
2025-06-27 15:44:17,106 INFO success: tracker entered RUNNING state, process has stayed up for > than 1 seconds (startsecs)
2025-06-27 15:56:59,895 WARN received SIGTERM indicating exit request
2025-06-27 15:56:59,896 INFO waiting for flask_app, tracker to die
2025-06-27 15:57:00,897 WARN stopped: tracker (terminated by SIGTERM)
2025-06-27 15:57:00,898 WARN stopped: flask_app (terminated by SIGTERM)
2025-06-27 15:57:02,041 CRIT Supervisor is running as root.  Privileges were not dropped because no user is specified in the config file.  If you intend to run as root, you can set user=root in the config file to avoid this message.
2025-06-27 15:57:02,042 INFO supervisord started with pid 1
2025-06-27 15:57:03,046 INFO spawned: 'flask_app' with pid 7
2025-06-27 15:57:03,049 INFO spawned: 'tracker' with pid 8
2025-06-27 15:57:04,164 INFO success: flask_app entered RUNNING state, process has stayed up for > than 1 seconds (startsecs)
2025-06-27 15:57:04,164 INFO success: tracker entered RUNNING state, process has stayed up for > than 1 seconds (startsecs)
2025-06-27 16:36:59,051 WARN received SIGTERM indicating exit request
2025-06-27 16:36:59,052 INFO waiting for flask_app, tracker to die
2025-06-27 16:37:00,054 WARN stopped: tracker (terminated by SIGTERM)
2025-06-27 16:37:00,059 WARN stopped: flask_app (terminated by SIGTERM)
2025-06-27 16:37:01,175 CRIT Supervisor is running as root.  Privileges were not dropped because no user is specified in the config file.  If you intend to run as root, you can set user=root in the config file to avoid this message.
2025-06-27 16:37:01,176 INFO supervisord started with pid 1
2025-06-27 16:37:02,180 INFO spawned: 'flask_app' with pid 7
2025-06-27 16:37:02,182 INFO spawned: 'tracker' with pid 8
2025-06-27 16:37:03,206 INFO success: flask_app entered RUNNING state, process has stayed up for > than 1 seconds (startsecs)
2025-06-27 16:37:03,207 INFO success: tracker entered RUNNING state, process has stayed up for > than 1 seconds (startsecs)
2025-06-27 16:37:13,482 WARN received SIGTERM indicating exit request
2025-06-27 16:37:13,482 INFO waiting for flask_app, tracker to die
2025-06-27 16:37:14,484 WARN stopped: tracker (terminated by SIGTERM)
2025-06-27 16:37:14,485 WARN stopped: flask_app (terminated by SIGTERM)
2025-06-27 16:37:15,550 CRIT Supervisor is running as root.  Privileges were not dropped because no user is specified in the config file.  If you intend to run as root, you can set user=root in the config file to avoid this message.
2025-06-27 16:37:15,551 INFO supervisord started with pid 1
2025-06-27 16:37:16,555 INFO spawned: 'flask_app' with pid 7
2025-06-27 16:37:16,558 INFO spawned: 'tracker' with pid 8
2025-06-27 16:37:16,584 WARN exited: tracker (exit status 1; not expected)
2025-06-27 16:37:17,673 INFO success: flask_app entered RUNNING state, process has stayed up for > than 1 seconds (startsecs)
2025-06-27 16:37:17,676 INFO spawned: 'tracker' with pid 9
2025-06-27 16:37:18,704 INFO success: tracker entered RUNNING state, process has stayed up for > than 1 seconds (startsecs)
2025-06-27 16:50:42,048 WARN received SIGTERM indicating exit request
2025-06-27 16:50:42,048 INFO waiting for flask_app, tracker to die
2025-06-27 16:50:43,050 WARN stopped: tracker (terminated by SIGTERM)
2025-06-27 16:50:43,056 WARN stopped: flask_app (terminated by SIGTERM)
2025-06-27 16:50:44,210 CRIT Supervisor is running as root.  Privileges were not dropped because no user is specified in the config file.  If you intend to run as root, you can set user=root in the config file to avoid this message.
2025-06-27 16:50:44,211 INFO supervisord started with pid 1
2025-06-27 16:50:45,216 INFO spawned: 'flask_app' with pid 7
2025-06-27 16:50:45,218 INFO spawned: 'tracker' with pid 8
2025-06-27 16:50:46,332 INFO success: flask_app entered RUNNING state, process has stayed up for > than 1 seconds (startsecs)
2025-06-27 16:50:46,333 INFO success: tracker entered RUNNING state, process has stayed up for > than 1 seconds (startsecs)
2025-06-27 17:47:38,856 WARN received SIGTERM indicating exit request
2025-06-27 17:47:38,857 INFO waiting for flask_app, tracker to die
2025-06-27 17:47:39,859 WARN stopped: tracker (terminated by SIGTERM)
2025-06-27 17:47:39,864 WARN stopped: flask_app (terminated by SIGTERM)
2025-06-27 17:47:40,947 CRIT Supervisor is running as root.  Privileges were not dropped because no user is specified in the config file.  If you intend to run as root, you can set user=root in the config file to avoid this message.
2025-06-27 17:47:40,948 INFO supervisord started with pid 1
2025-06-27 17:47:41,952 INFO spawned: 'flask_app' with pid 8
2025-06-27 17:47:41,956 INFO spawned: 'tracker' with pid 9
2025-06-27 17:47:43,069 INFO success: flask_app entered RUNNING state, process has stayed up for > than 1 seconds (startsecs)
2025-06-27 17:47:43,070 INFO success: tracker entered RUNNING state, process has stayed up for > than 1 seconds (startsecs)
2025-06-27 17:50:43,930 WARN received SIGTERM indicating exit request
2025-06-27 17:50:43,930 INFO waiting for flask_app, tracker to die
2025-06-27 17:50:44,931 WARN stopped: tracker (terminated by SIGTERM)
2025-06-27 17:50:44,933 WARN stopped: flask_app (terminated by SIGTERM)
2025-06-27 17:50:46,021 CRIT Supervisor is running as root.  Privileges were not dropped because no user is specified in the config file.  If you intend to run as root, you can set user=root in the config file to avoid this message.
2025-06-27 17:50:46,022 INFO supervisord started with pid 1
2025-06-27 17:50:47,027 INFO spawned: 'flask_app' with pid 7
2025-06-27 17:50:47,030 INFO spawned: 'tracker' with pid 8
2025-06-27 17:50:48,143 INFO success: flask_app entered RUNNING state, process has stayed up for > than 1 seconds (startsecs)
2025-06-27 17:50:48,144 INFO success: tracker entered RUNNING state, process has stayed up for > than 1 seconds (startsecs)
2025-06-29 23:53:56,548 WARN received SIGTERM indicating exit request
2025-06-29 23:53:56,549 INFO waiting for flask_app, tracker to die
2025-06-29 23:53:57,550 WARN stopped: tracker (terminated by SIGTERM)
2025-06-29 23:53:57,559 WARN stopped: flask_app (terminated by SIGTERM)
2025-06-29 23:53:58,540 CRIT Supervisor is running as root.  Privileges were not dropped because no user is specified in the config file.  If you intend to run as root, you can set user=root in the config file to avoid this message.
2025-06-29 23:53:58,541 INFO supervisord started with pid 1
2025-06-29 23:53:59,544 INFO spawned: 'flask_app' with pid 7
2025-06-29 23:53:59,545 INFO spawned: 'tracker' with pid 8
2025-06-29 23:54:00,581 INFO success: flask_app entered RUNNING state, process has stayed up for > than 1 seconds (startsecs)
2025-06-29 23:54:00,581 INFO success: tracker entered RUNNING state, process has stayed up for > than 1 seconds (startsecs)
2025-06-30 00:13:34,647 WARN received SIGTERM indicating exit request
2025-06-30 00:13:34,647 INFO waiting for flask_app, tracker to die
2025-06-30 00:13:35,649 WARN stopped: tracker (terminated by SIGTERM)
2025-06-30 00:13:35,654 WARN stopped: flask_app (terminated by SIGTERM)
2025-06-30 00:13:36,888 CRIT Supervisor is running as root.  Privileges were not dropped because no user is specified in the config file.  If you intend to run as root, you can set user=root in the config file to avoid this message.
2025-06-30 00:13:36,889 INFO supervisord started with pid 1
2025-06-30 00:13:37,893 INFO spawned: 'flask_app' with pid 7
2025-06-30 00:13:37,896 INFO spawned: 'tracker' with pid 8
2025-06-30 00:13:39,025 INFO success: flask_app entered RUNNING state, process has stayed up for > than 1 seconds (startsecs)
2025-06-30 00:13:39,025 INFO success: tracker entered RUNNING state, process has stayed up for > than 1 seconds (startsecs)
2025-06-30 08:56:28,247 WARN received SIGTERM indicating exit request
2025-06-30 08:56:28,247 INFO waiting for flask_app, tracker to die
2025-06-30 08:56:29,250 WARN stopped: tracker (terminated by SIGTERM)
2025-06-30 08:56:29,255 WARN stopped: flask_app (terminated by SIGTERM)
2025-06-30 08:56:30,458 CRIT Supervisor is running as root.  Privileges were not dropped because no user is specified in the config file.  If you intend to run as root, you can set user=root in the config file to avoid this message.
2025-06-30 08:56:30,459 INFO supervisord started with pid 1
2025-06-30 08:56:31,464 INFO spawned: 'flask_app' with pid 7
2025-06-30 08:56:31,467 INFO spawned: 'tracker' with pid 8
2025-06-30 08:56:32,491 INFO success: flask_app entered RUNNING state, process has stayed up for > than 1 seconds (startsecs)
2025-06-30 08:56:32,491 INFO success: tracker entered RUNNING state, process has stayed up for > than 1 seconds (startsecs)
2025-06-30 08:56:45,722 WARN received SIGTERM indicating exit request
2025-06-30 08:56:45,722 INFO waiting for flask_app, tracker to die
2025-06-30 08:56:46,723 WARN stopped: tracker (terminated by SIGTERM)
2025-06-30 08:56:46,725 WARN stopped: flask_app (terminated by SIGTERM)
2025-06-30 08:56:47,760 CRIT Supervisor is running as root.  Privileges were not dropped because no user is specified in the config file.  If you intend to run as root, you can set user=root in the config file to avoid this message.
2025-06-30 08:56:47,762 INFO supervisord started with pid 1
2025-06-30 08:56:48,764 INFO spawned: 'flask_app' with pid 7
2025-06-30 08:56:48,765 INFO spawned: 'tracker' with pid 8
2025-06-30 08:56:48,792 WARN exited: tracker (exit status 1; not expected)
2025-06-30 08:56:49,897 INFO success: flask_app entered RUNNING state, process has stayed up for > than 1 seconds (startsecs)
2025-06-30 08:56:49,900 INFO spawned: 'tracker' with pid 9
2025-06-30 08:56:50,967 INFO success: tracker entered RUNNING state, process has stayed up for > than 1 seconds (startsecs)
2025-06-30 09:21:53,856 WARN received SIGTERM indicating exit request
2025-06-30 09:21:53,857 INFO waiting for flask_app, tracker to die
2025-06-30 09:21:54,859 WARN stopped: tracker (terminated by SIGTERM)
2025-06-30 09:21:54,864 WARN stopped: flask_app (terminated by SIGTERM)
2025-06-30 09:21:56,034 CRIT Supervisor is running as root.  Privileges were not dropped because no user is specified in the config file.  If you intend to run as root, you can set user=root in the config file to avoid this message.
2025-06-30 09:21:56,035 INFO supervisord started with pid 1
2025-06-30 09:21:57,039 INFO spawned: 'flask_app' with pid 7
2025-06-30 09:21:57,042 INFO spawned: 'tracker' with pid 8
2025-06-30 09:21:58,161 INFO success: flask_app entered RUNNING state, process has stayed up for > than 1 seconds (startsecs)
2025-06-30 09:21:58,161 INFO success: tracker entered RUNNING state, process has stayed up for > than 1 seconds (startsecs)
2025-06-30 09:50:05,834 WARN received SIGTERM indicating exit request
2025-06-30 09:50:05,835 INFO waiting for flask_app, tracker to die
2025-06-30 09:50:06,837 WARN stopped: tracker (terminated by SIGTERM)
2025-06-30 09:50:06,842 WARN stopped: flask_app (terminated by SIGTERM)
2025-06-30 09:50:07,975 CRIT Supervisor is running as root.  Privileges were not dropped because no user is specified in the config file.  If you intend to run as root, you can set user=root in the config file to avoid this message.
2025-06-30 09:50:07,976 INFO supervisord started with pid 1
2025-06-30 09:50:08,978 INFO spawned: 'flask_app' with pid 8
2025-06-30 09:50:08,980 INFO spawned: 'tracker' with pid 9
2025-06-30 09:50:10,103 INFO success: flask_app entered RUNNING state, process has stayed up for > than 1 seconds (startsecs)
2025-06-30 09:50:10,103 INFO success: tracker entered RUNNING state, process has stayed up for > than 1 seconds (startsecs)
2025-06-30 09:52:20,311 WARN received SIGTERM indicating exit request
2025-06-30 09:52:20,311 INFO waiting for flask_app, tracker to die
2025-06-30 09:52:21,313 WARN stopped: tracker (terminated by SIGTERM)
2025-06-30 09:52:21,320 WARN stopped: flask_app (terminated by SIGTERM)
2025-06-30 09:52:22,527 CRIT Supervisor is running as root.  Privileges were not dropped because no user is specified in the config file.  If you intend to run as root, you can set user=root in the config file to avoid this message.
2025-06-30 09:52:22,528 INFO supervisord started with pid 1
2025-06-30 09:52:23,532 INFO spawned: 'flask_app' with pid 7
2025-06-30 09:52:23,535 INFO spawned: 'tracker' with pid 8
2025-06-30 09:52:24,648 INFO success: flask_app entered RUNNING state, process has stayed up for > than 1 seconds (startsecs)
2025-06-30 09:52:24,649 INFO success: tracker entered RUNNING state, process has stayed up for > than 1 seconds (startsecs)
2025-06-30 12:43:38,951 WARN received SIGTERM indicating exit request
2025-06-30 12:43:38,954 INFO waiting for flask_app, tracker to die
2025-06-30 12:43:39,955 WARN stopped: tracker (terminated by SIGTERM)
2025-06-30 12:43:39,957 WARN stopped: flask_app (terminated by SIGTERM)
2025-06-30 12:43:40,909 CRIT Supervisor is running as root.  Privileges were not dropped because no user is specified in the config file.  If you intend to run as root, you can set user=root in the config file to avoid this message.
2025-06-30 12:43:40,910 INFO supervisord started with pid 1
2025-06-30 12:43:41,915 INFO spawned: 'flask_app' with pid 8
2025-06-30 12:43:41,917 INFO spawned: 'tracker' with pid 9
2025-06-30 12:43:43,028 INFO success: flask_app entered RUNNING state, process has stayed up for > than 1 seconds (startsecs)
2025-06-30 12:43:43,028 INFO success: tracker entered RUNNING state, process has stayed up for > than 1 seconds (startsecs)
2025-07-01 11:45:28,225 WARN received SIGTERM indicating exit request
2025-07-01 11:45:28,226 INFO waiting for flask_app, tracker to die
2025-07-01 11:45:28,227 WARN stopped: tracker (terminated by SIGTERM)
2025-07-01 11:45:28,233 WARN stopped: flask_app (terminated by SIGTERM)
2025-07-01 11:45:29,102 CRIT Supervisor is running as root.  Privileges were not dropped because no user is specified in the config file.  If you intend to run as root, you can set user=root in the config file to avoid this message.
2025-07-01 11:45:29,103 INFO supervisord started with pid 1
2025-07-01 11:45:30,108 INFO spawned: 'flask_app' with pid 7
2025-07-01 11:45:30,111 INFO spawned: 'tracker' with pid 8
2025-07-01 11:45:30,137 WARN exited: tracker (exit status 1; not expected)
2025-07-01 11:45:31,228 INFO success: flask_app entered RUNNING state, process has stayed up for > than 1 seconds (startsecs)
2025-07-01 11:45:31,232 INFO spawned: 'tracker' with pid 9
2025-07-01 11:45:32,260 INFO success: tracker entered RUNNING state, process has stayed up for > than 1 seconds (startsecs)
2025-07-01 11:47:38,592 WARN received SIGTERM indicating exit request
2025-07-01 11:47:38,594 INFO waiting for flask_app, tracker to die
2025-07-01 11:47:39,595 WARN stopped: tracker (terminated by SIGTERM)
2025-07-01 11:47:39,596 WARN stopped: flask_app (terminated by SIGTERM)
2025-07-01 11:47:40,716 CRIT Supervisor is running as root.  Privileges were not dropped because no user is specified in the config file.  If you intend to run as root, you can set user=root in the config file to avoid this message.
2025-07-01 11:47:40,718 INFO supervisord started with pid 1
2025-07-01 11:47:41,722 INFO spawned: 'flask_app' with pid 6
2025-07-01 11:47:41,725 INFO spawned: 'tracker' with pid 7
2025-07-01 11:47:42,749 INFO success: flask_app entered RUNNING state, process has stayed up for > than 1 seconds (startsecs)
2025-07-01 11:47:42,749 INFO success: tracker entered RUNNING state, process has stayed up for > than 1 seconds (startsecs)
2025-07-01 11:48:49,392 WARN received SIGTERM indicating exit request
2025-07-01 11:48:49,393 INFO waiting for flask_app, tracker to die
2025-07-01 11:48:49,394 WARN stopped: tracker (terminated by SIGTERM)
2025-07-01 11:48:50,401 WARN stopped: flask_app (terminated by SIGTERM)
2025-07-01 11:48:51,380 CRIT Supervisor is running as root.  Privileges were not dropped because no user is specified in the config file.  If you intend to run as root, you can set user=root in the config file to avoid this message.
2025-07-01 11:48:51,381 INFO supervisord started with pid 1
2025-07-01 11:48:52,385 INFO spawned: 'flask_app' with pid 7
2025-07-01 11:48:52,388 INFO spawned: 'tracker' with pid 8
2025-07-01 11:48:53,509 INFO success: flask_app entered RUNNING state, process has stayed up for > than 1 seconds (startsecs)
2025-07-01 11:48:53,509 INFO success: tracker entered RUNNING state, process has stayed up for > than 1 seconds (startsecs)
2025-07-01 11:50:35,579 WARN received SIGTERM indicating exit request
2025-07-01 11:50:35,579 INFO waiting for flask_app, tracker to die
2025-07-01 11:50:36,581 WARN stopped: tracker (terminated by SIGTERM)
2025-07-01 11:50:36,582 WARN stopped: flask_app (terminated by SIGTERM)
2025-07-01 11:50:37,634 CRIT Supervisor is running as root.  Privileges were not dropped because no user is specified in the config file.  If you intend to run as root, you can set user=root in the config file to avoid this message.
2025-07-01 11:50:37,635 INFO supervisord started with pid 1
2025-07-01 11:50:38,638 INFO spawned: 'flask_app' with pid 7
2025-07-01 11:50:38,641 INFO spawned: 'tracker' with pid 8
2025-07-01 11:50:39,666 INFO success: flask_app entered RUNNING state, process has stayed up for > than 1 seconds (startsecs)
2025-07-01 11:50:39,667 INFO success: tracker entered RUNNING state, process has stayed up for > than 1 seconds (startsecs)
2025-07-01 11:51:09,482 WARN received SIGTERM indicating exit request
2025-07-01 11:51:09,483 INFO waiting for flask_app, tracker to die
2025-07-01 11:51:10,484 WARN stopped: tracker (terminated by SIGTERM)
2025-07-01 11:51:10,486 WARN stopped: flask_app (terminated by SIGTERM)
2025-07-01 11:51:11,631 CRIT Supervisor is running as root.  Privileges were not dropped because no user is specified in the config file.  If you intend to run as root, you can set user=root in the config file to avoid this message.
2025-07-01 11:51:11,633 INFO supervisord started with pid 1
2025-07-01 11:51:12,638 INFO spawned: 'flask_app' with pid 7
2025-07-01 11:51:12,645 INFO spawned: 'tracker' with pid 8
2025-07-01 11:51:12,676 WARN exited: tracker (exit status 1; not expected)
2025-07-01 11:51:13,766 INFO success: flask_app entered RUNNING state, process has stayed up for > than 1 seconds (startsecs)
2025-07-01 11:51:13,770 INFO spawned: 'tracker' with pid 9
2025-07-01 11:51:14,795 INFO success: tracker entered RUNNING state, process has stayed up for > than 1 seconds (startsecs)
2025-07-01 13:23:57,794 WARN received SIGTERM indicating exit request
2025-07-01 13:23:57,797 INFO waiting for flask_app, tracker to die
2025-07-01 13:23:58,798 WARN stopped: tracker (terminated by SIGTERM)
2025-07-01 13:23:58,800 WARN stopped: flask_app (terminated by SIGTERM)
2025-07-01 13:23:59,899 CRIT Supervisor is running as root.  Privileges were not dropped because no user is specified in the config file.  If you intend to run as root, you can set user=root in the config file to avoid this message.
2025-07-01 13:23:59,900 INFO supervisord started with pid 1
2025-07-01 13:24:00,904 INFO spawned: 'flask_app' with pid 7
2025-07-01 13:24:00,908 INFO spawned: 'tracker' with pid 8
2025-07-01 13:24:02,054 INFO success: flask_app entered RUNNING state, process has stayed up for > than 1 seconds (startsecs)
2025-07-01 13:24:02,054 INFO success: tracker entered RUNNING state, process has stayed up for > than 1 seconds (startsecs)
2025-07-01 13:24:06,059 WARN received SIGTERM indicating exit request
2025-07-01 13:24:06,060 INFO waiting for flask_app, tracker to die
2025-07-01 13:24:06,062 WARN stopped: tracker (terminated by SIGTERM)
2025-07-01 13:24:06,067 WARN stopped: flask_app (terminated by SIGTERM)
2025-07-01 13:24:07,062 CRIT Supervisor is running as root.  Privileges were not dropped because no user is specified in the config file.  If you intend to run as root, you can set user=root in the config file to avoid this message.
2025-07-01 13:24:07,064 INFO supervisord started with pid 1
2025-07-01 13:24:08,068 INFO spawned: 'flask_app' with pid 6
2025-07-01 13:24:08,071 INFO spawned: 'tracker' with pid 7
2025-07-01 13:24:08,097 WARN exited: tracker (exit status 1; not expected)
2025-07-01 13:24:09,186 INFO success: flask_app entered RUNNING state, process has stayed up for > than 1 seconds (startsecs)
2025-07-01 13:24:09,189 INFO spawned: 'tracker' with pid 8
2025-07-01 13:24:10,215 INFO success: tracker entered RUNNING state, process has stayed up for > than 1 seconds (startsecs)
2025-07-02 07:39:42,431 CRIT Supervisor is running as root.  Privileges were not dropped because no user is specified in the config file.  If you intend to run as root, you can set user=root in the config file to avoid this message.
2025-07-02 07:39:42,433 INFO supervisord started with pid 1
2025-07-02 07:39:43,435 INFO spawned: 'flask_app' with pid 6
2025-07-02 07:39:43,435 INFO spawned: 'tracker' with pid 7
2025-07-02 07:39:44,792 INFO success: flask_app entered RUNNING state, process has stayed up for > than 1 seconds (startsecs)
2025-07-02 07:39:44,793 INFO success: tracker entered RUNNING state, process has stayed up for > than 1 seconds (startsecs)
2025-07-17 11:08:50,621 CRIT Supervisor is running as root.  Privileges were not dropped because no user is specified in the config file.  If you intend to run as root, you can set user=root in the config file to avoid this message.
2025-07-17 11:08:50,627 INFO supervisord started with pid 1
2025-07-17 11:08:51,133 INFO spawned: 'flask_app' with pid 7
2025-07-17 11:08:51,134 INFO spawned: 'tracker' with pid 8
2025-07-17 11:08:52,374 INFO success: flask_app entered RUNNING state, process has stayed up for > than 1 seconds (startsecs)
2025-07-17 11:08:52,374 INFO success: tracker entered RUNNING state, process has stayed up for > than 1 seconds (startsecs)
2025-08-12 14:07:13,179 WARN received SIGTERM indicating exit request
2025-08-12 14:07:13,184 INFO waiting for flask_app, tracker to die
2025-08-12 14:07:13,186 WARN stopped: tracker (terminated by SIGTERM)
2025-08-12 14:07:13,191 WARN stopped: flask_app (terminated by SIGTERM)
2025-08-12 14:07:14,502 CRIT Supervisor is running as root.  Privileges were not dropped because no user is specified in the config file.  If you intend to run as root, you can set user=root in the config file to avoid this message.
2025-08-12 14:07:14,503 INFO supervisord started with pid 1
2025-08-12 14:07:15,508 INFO spawned: 'flask_app' with pid 6
2025-08-12 14:07:15,510 INFO spawned: 'tracker' with pid 7
2025-08-12 14:07:16,695 INFO success: flask_app entered RUNNING state, process has stayed up for > than 1 seconds (startsecs)
2025-08-12 14:07:16,695 INFO success: tracker entered RUNNING state, process has stayed up for > than 1 seconds (startsecs)
2025-08-12 14:30:05,683 WARN received SIGTERM indicating exit request
2025-08-12 14:30:05,684 INFO waiting for flask_app, tracker to die
2025-08-12 14:30:05,685 WARN stopped: tracker (terminated by SIGTERM)
2025-08-12 14:30:05,689 WARN stopped: flask_app (terminated by SIGTERM)
2025-08-12 14:30:06,766 CRIT Supervisor is running as root.  Privileges were not dropped because no user is specified in the config file.  If you intend to run as root, you can set user=root in the config file to avoid this message.
2025-08-12 14:30:06,768 INFO supervisord started with pid 1
2025-08-12 14:30:07,772 INFO spawned: 'flask_app' with pid 6
2025-08-12 14:30:07,777 INFO spawned: 'tracker' with pid 7
2025-08-12 14:30:07,842 WARN exited: tracker (exit status 1; not expected)
2025-08-12 14:30:08,956 INFO success: flask_app entered RUNNING state, process has stayed up for > than 1 seconds (startsecs)
2025-08-12 14:30:08,957 INFO spawned: 'tracker' with pid 8
2025-08-12 14:30:10,005 INFO success: tracker entered RUNNING state, process has stayed up for > than 1 seconds (startsecs)
2025-08-12 15:13:06,089 WARN received SIGTERM indicating exit request
2025-08-12 15:13:06,091 INFO waiting for flask_app, tracker to die
2025-08-12 15:13:06,093 WARN stopped: tracker (terminated by SIGTERM)
2025-08-12 15:13:06,098 WARN stopped: flask_app (terminated by SIGTERM)
2025-08-12 15:13:07,039 CRIT Supervisor is running as root.  Privileges were not dropped because no user is specified in the config file.  If you intend to run as root, you can set user=root in the config file to avoid this message.
2025-08-12 15:13:07,040 INFO supervisord started with pid 1
2025-08-12 15:13:08,044 INFO spawned: 'flask_app' with pid 7
2025-08-12 15:13:08,047 INFO spawned: 'tracker' with pid 8
2025-08-12 15:13:09,174 INFO success: flask_app entered RUNNING state, process has stayed up for > than 1 seconds (startsecs)
2025-08-12 15:13:09,174 INFO success: tracker entered RUNNING state, process has stayed up for > than 1 seconds (startsecs)
2025-08-13 06:26:15,246 WARN received SIGTERM indicating exit request
2025-08-13 06:26:15,247 INFO waiting for flask_app, tracker to die
2025-08-13 06:26:15,249 WARN stopped: tracker (terminated by SIGTERM)
2025-08-13 06:26:15,254 WARN stopped: flask_app (terminated by SIGTERM)
2025-08-13 06:26:16,339 CRIT Supervisor is running as root.  Privileges were not dropped because no user is specified in the config file.  If you intend to run as root, you can set user=root in the config file to avoid this message.
2025-08-13 06:26:16,340 INFO supervisord started with pid 1
2025-08-13 06:26:17,345 INFO spawned: 'flask_app' with pid 7
2025-08-13 06:26:17,347 INFO spawned: 'tracker' with pid 8
2025-08-13 06:26:17,373 WARN exited: tracker (exit status 1; not expected)
2025-08-13 06:26:18,482 INFO success: flask_app entered RUNNING state, process has stayed up for > than 1 seconds (startsecs)
2025-08-13 06:26:18,486 INFO spawned: 'tracker' with pid 9
2025-08-13 06:26:19,511 INFO success: tracker entered RUNNING state, process has stayed up for > than 1 seconds (startsecs)
2025-08-13 09:03:33,611 WARN received SIGTERM indicating exit request
2025-08-13 09:03:33,618 INFO waiting for flask_app, tracker to die
2025-08-13 09:03:34,628 WARN stopped: tracker (terminated by SIGTERM)
2025-08-13 09:03:34,630 WARN stopped: flask_app (terminated by SIGTERM)
2025-08-13 09:03:35,765 CRIT Supervisor is running as root.  Privileges were not dropped because no user is specified in the config file.  If you intend to run as root, you can set user=root in the config file to avoid this message.
2025-08-13 09:03:35,766 INFO supervisord started with pid 1
2025-08-13 09:03:36,770 INFO spawned: 'flask_app' with pid 8
2025-08-13 09:03:36,773 INFO spawned: 'tracker' with pid 9
2025-08-13 09:03:37,896 INFO success: flask_app entered RUNNING state, process has stayed up for > than 1 seconds (startsecs)
2025-08-13 09:03:37,897 INFO success: tracker entered RUNNING state, process has stayed up for > than 1 seconds (startsecs)
2025-08-13 09:04:02,805 WARN received SIGTERM indicating exit request
2025-08-13 09:04:02,806 INFO waiting for flask_app, tracker to die
2025-08-13 09:04:02,808 WARN stopped: tracker (terminated by SIGTERM)
2025-08-13 09:04:02,813 WARN stopped: flask_app (terminated by SIGTERM)
2025-08-13 09:04:03,790 CRIT Supervisor is running as root.  Privileges were not dropped because no user is specified in the config file.  If you intend to run as root, you can set user=root in the config file to avoid this message.
2025-08-13 09:04:03,791 INFO supervisord started with pid 1
2025-08-13 09:04:04,795 INFO spawned: 'flask_app' with pid 6
2025-08-13 09:04:04,800 INFO spawned: 'tracker' with pid 7
2025-08-13 09:04:04,826 WARN exited: tracker (exit status 1; not expected)
2025-08-13 09:04:05,915 INFO success: flask_app entered RUNNING state, process has stayed up for > than 1 seconds (startsecs)
2025-08-13 09:04:05,919 INFO spawned: 'tracker' with pid 8
2025-08-13 09:04:06,947 INFO success: tracker entered RUNNING state, process has stayed up for > than 1 seconds (startsecs)
2025-08-13 14:35:52,384 WARN received SIGTERM indicating exit request
2025-08-13 14:35:52,392 INFO waiting for flask_app, tracker to die
2025-08-13 14:35:53,401 WARN stopped: tracker (terminated by SIGTERM)
2025-08-13 14:35:53,403 WARN stopped: flask_app (terminated by SIGTERM)
2025-08-13 14:35:54,694 CRIT Supervisor is running as root.  Privileges were not dropped because no user is specified in the config file.  If you intend to run as root, you can set user=root in the config file to avoid this message.
2025-08-13 14:35:54,696 INFO supervisord started with pid 1
2025-08-13 14:35:55,700 INFO spawned: 'flask_app' with pid 6
2025-08-13 14:35:55,703 INFO spawned: 'tracker' with pid 7
2025-08-13 14:35:56,734 INFO success: flask_app entered RUNNING state, process has stayed up for > than 1 seconds (startsecs)
2025-08-13 14:35:56,735 INFO success: tracker entered RUNNING state, process has stayed up for > than 1 seconds (startsecs)
2025-08-13 14:36:02,009 WARN received SIGTERM indicating exit request
2025-08-13 14:36:02,009 INFO waiting for flask_app, tracker to die
2025-08-13 14:36:02,535 WARN stopped: tracker (terminated by SIGTERM)
2025-08-13 14:36:02,537 WARN stopped: flask_app (terminated by SIGTERM)
2025-08-13 14:36:03,668 CRIT Supervisor is running as root.  Privileges were not dropped because no user is specified in the config file.  If you intend to run as root, you can set user=root in the config file to avoid this message.
2025-08-13 14:36:03,669 INFO supervisord started with pid 1
2025-08-13 14:36:04,674 INFO spawned: 'flask_app' with pid 7
2025-08-13 14:36:04,677 INFO spawned: 'tracker' with pid 8
2025-08-13 14:36:04,704 WARN exited: tracker (exit status 1; not expected)
2025-08-13 14:36:05,792 INFO success: flask_app entered RUNNING state, process has stayed up for > than 1 seconds (startsecs)
2025-08-13 14:36:05,796 INFO spawned: 'tracker' with pid 9
2025-08-13 14:36:06,821 INFO success: tracker entered RUNNING state, process has stayed up for > than 1 seconds (startsecs)
2025-08-14 12:01:02,014 WARN received SIGTERM indicating exit request
2025-08-14 12:01:02,016 INFO waiting for flask_app, tracker to die
2025-08-14 12:01:02,017 WARN stopped: tracker (terminated by SIGTERM)
2025-08-14 12:01:02,020 WARN stopped: flask_app (terminated by SIGTERM)
2025-08-14 12:01:03,659 CRIT Supervisor is running as root.  Privileges were not dropped because no user is specified in the config file.  If you intend to run as root, you can set user=root in the config file to avoid this message.
2025-08-14 12:01:03,663 INFO supervisord started with pid 1
2025-08-14 12:01:04,673 INFO spawned: 'flask_app' with pid 6
2025-08-14 12:01:04,675 INFO spawned: 'tracker' with pid 7
2025-08-14 12:01:05,957 INFO success: flask_app entered RUNNING state, process has stayed up for > than 1 seconds (startsecs)
2025-08-14 12:01:05,957 INFO success: tracker entered RUNNING state, process has stayed up for > than 1 seconds (startsecs)
2025-08-15 10:06:18,344 WARN received SIGTERM indicating exit request
2025-08-15 10:06:18,351 INFO waiting for flask_app, tracker to die
2025-08-15 10:06:18,353 WARN stopped: tracker (terminated by SIGTERM)
2025-08-15 10:06:18,359 WARN stopped: flask_app (terminated by SIGTERM)
2025-08-15 10:06:19,696 CRIT Supervisor is running as root.  Privileges were not dropped because no user is specified in the config file.  If you intend to run as root, you can set user=root in the config file to avoid this message.
2025-08-15 10:06:19,698 INFO supervisord started with pid 1
2025-08-15 10:06:20,702 INFO spawned: 'flask_app' with pid 7
2025-08-15 10:06:20,704 INFO spawned: 'tracker' with pid 8
2025-08-15 10:06:20,749 WARN exited: tracker (exit status 1; not expected)
2025-08-15 10:06:21,870 INFO success: flask_app entered RUNNING state, process has stayed up for > than 1 seconds (startsecs)
2025-08-15 10:06:21,873 INFO spawned: 'tracker' with pid 9
2025-08-15 10:06:22,901 INFO success: tracker entered RUNNING state, process has stayed up for > than 1 seconds (startsecs)
2025-08-15 12:21:50,283 WARN received SIGTERM indicating exit request
2025-08-15 12:21:50,283 INFO waiting for flask_app, tracker to die
2025-08-15 12:21:50,286 WARN stopped: tracker (terminated by SIGTERM)
2025-08-15 12:21:50,291 WARN stopped: flask_app (terminated by SIGTERM)
2025-08-15 12:21:51,398 CRIT Supervisor is running as root.  Privileges were not dropped because no user is specified in the config file.  If you intend to run as root, you can set user=root in the config file to avoid this message.
2025-08-15 12:21:51,400 INFO supervisord started with pid 1
2025-08-15 12:21:52,404 INFO spawned: 'flask_app' with pid 7
2025-08-15 12:21:52,407 INFO spawned: 'tracker' with pid 8
2025-08-15 12:21:53,530 INFO success: flask_app entered RUNNING state, process has stayed up for > than 1 seconds (startsecs)
2025-08-15 12:21:53,530 INFO success: tracker entered RUNNING state, process has stayed up for > than 1 seconds (startsecs)
2025-08-15 12:24:35,441 WARN received SIGTERM indicating exit request
2025-08-15 12:24:35,441 INFO waiting for flask_app, tracker to die
2025-08-15 12:24:35,443 WARN stopped: tracker (terminated by SIGTERM)
2025-08-15 12:24:35,449 WARN stopped: flask_app (terminated by SIGTERM)
2025-08-15 12:24:36,316 CRIT Supervisor is running as root.  Privileges were not dropped because no user is specified in the config file.  If you intend to run as root, you can set user=root in the config file to avoid this message.
2025-08-15 12:24:36,318 INFO supervisord started with pid 1
2025-08-15 12:24:37,322 INFO spawned: 'flask_app' with pid 7
2025-08-15 12:24:37,325 INFO spawned: 'tracker' with pid 8
2025-08-15 12:24:38,439 INFO success: flask_app entered RUNNING state, process has stayed up for > than 1 seconds (startsecs)
2025-08-15 12:24:38,439 INFO success: tracker entered RUNNING state, process has stayed up for > than 1 seconds (startsecs)
2025-08-15 16:23:16,134 WARN received SIGTERM indicating exit request
2025-08-15 16:23:16,134 INFO waiting for flask_app, tracker to die
2025-08-15 16:23:16,136 WARN stopped: tracker (terminated by SIGTERM)
2025-08-15 16:23:16,142 WARN stopped: flask_app (terminated by SIGTERM)
2025-08-15 16:23:17,100 CRIT Supervisor is running as root.  Privileges were not dropped because no user is specified in the config file.  If you intend to run as root, you can set user=root in the config file to avoid this message.
2025-08-15 16:23:17,101 INFO supervisord started with pid 1
2025-08-15 16:23:18,106 INFO spawned: 'flask_app' with pid 7
2025-08-15 16:23:18,111 INFO spawned: 'tracker' with pid 8
2025-08-15 16:23:19,231 INFO success: flask_app entered RUNNING state, process has stayed up for > than 1 seconds (startsecs)
2025-08-15 16:23:19,231 INFO success: tracker entered RUNNING state, process has stayed up for > than 1 seconds (startsecs)
2025-08-15 16:31:40,189 WARN received SIGTERM indicating exit request
2025-08-15 16:31:40,190 INFO waiting for flask_app, tracker to die
2025-08-15 16:31:40,192 WARN stopped: tracker (terminated by SIGTERM)
2025-08-15 16:31:40,197 WARN stopped: flask_app (terminated by SIGTERM)
2025-08-15 16:31:41,126 CRIT Supervisor is running as root.  Privileges were not dropped because no user is specified in the config file.  If you intend to run as root, you can set user=root in the config file to avoid this message.
2025-08-15 16:31:41,127 INFO supervisord started with pid 1
2025-08-15 16:31:42,131 INFO spawned: 'flask_app' with pid 7
2025-08-15 16:31:42,136 INFO spawned: 'tracker' with pid 8
2025-08-15 16:31:43,250 INFO success: flask_app entered RUNNING state, process has stayed up for > than 1 seconds (startsecs)
2025-08-15 16:31:43,250 INFO success: tracker entered RUNNING state, process has stayed up for > than 1 seconds (startsecs)
2025-08-15 16:31:47,255 WARN received SIGTERM indicating exit request
2025-08-15 16:31:47,255 INFO waiting for flask_app, tracker to die
2025-08-15 16:31:47,257 WARN stopped: tracker (terminated by SIGTERM)
2025-08-15 16:31:47,263 WARN stopped: flask_app (terminated by SIGTERM)
2025-08-15 16:31:48,173 CRIT Supervisor is running as root.  Privileges were not dropped because no user is specified in the config file.  If you intend to run as root, you can set user=root in the config file to avoid this message.
2025-08-15 16:31:48,174 INFO supervisord started with pid 1
2025-08-15 16:31:49,178 INFO spawned: 'flask_app' with pid 7
2025-08-15 16:31:49,181 INFO spawned: 'tracker' with pid 8
2025-08-15 16:31:50,297 INFO success: flask_app entered RUNNING state, process has stayed up for > than 1 seconds (startsecs)
2025-08-15 16:31:50,297 INFO success: tracker entered RUNNING state, process has stayed up for > than 1 seconds (startsecs)
2025-08-15 16:33:33,218 WARN received SIGTERM indicating exit request
2025-08-15 16:33:33,218 INFO waiting for flask_app, tracker to die
2025-08-15 16:33:33,220 WARN stopped: tracker (terminated by SIGTERM)
2025-08-15 16:33:33,226 WARN stopped: flask_app (terminated by SIGTERM)
2025-08-15 16:33:34,292 CRIT Supervisor is running as root.  Privileges were not dropped because no user is specified in the config file.  If you intend to run as root, you can set user=root in the config file to avoid this message.
2025-08-15 16:33:34,293 INFO supervisord started with pid 1
2025-08-15 16:33:35,298 INFO spawned: 'flask_app' with pid 7
2025-08-15 16:33:35,300 INFO spawned: 'tracker' with pid 8
2025-08-15 16:33:36,415 INFO success: flask_app entered RUNNING state, process has stayed up for > than 1 seconds (startsecs)
2025-08-15 16:33:36,415 INFO success: tracker entered RUNNING state, process has stayed up for > than 1 seconds (startsecs)
2025-08-15 16:45:08,990 WARN received SIGTERM indicating exit request
2025-08-15 16:45:08,997 INFO waiting for flask_app, tracker to die
2025-08-15 16:45:09,008 WARN stopped: tracker (terminated by SIGTERM)
2025-08-15 16:45:09,009 WARN stopped: flask_app (terminated by SIGTERM)
2025-08-15 16:45:10,125 CRIT Supervisor is running as root.  Privileges were not dropped because no user is specified in the config file.  If you intend to run as root, you can set user=root in the config file to avoid this message.
2025-08-15 16:45:10,126 INFO supervisord started with pid 1
2025-08-15 16:45:11,131 INFO spawned: 'flask_app' with pid 7
2025-08-15 16:45:11,133 INFO spawned: 'tracker' with pid 8
2025-08-15 16:45:12,271 INFO success: flask_app entered RUNNING state, process has stayed up for > than 1 seconds (startsecs)
2025-08-15 16:45:12,271 INFO success: tracker entered RUNNING state, process has stayed up for > than 1 seconds (startsecs)
2025-08-15 17:44:32,573 WARN received SIGTERM indicating exit request
2025-08-15 17:44:32,575 INFO waiting for flask_app, tracker to die
2025-08-15 17:44:32,722 WARN stopped: tracker (terminated by SIGTERM)
2025-08-15 17:44:32,724 WARN stopped: flask_app (terminated by SIGTERM)
2025-08-15 17:44:33,954 CRIT Supervisor is running as root.  Privileges were not dropped because no user is specified in the config file.  If you intend to run as root, you can set user=root in the config file to avoid this message.
2025-08-15 17:44:33,955 INFO supervisord started with pid 1
2025-08-15 17:44:34,960 INFO spawned: 'flask_app' with pid 7
2025-08-15 17:44:34,962 INFO spawned: 'tracker' with pid 8
2025-08-15 17:44:36,126 INFO success: flask_app entered RUNNING state, process has stayed up for > than 1 seconds (startsecs)
2025-08-15 17:44:36,127 INFO success: tracker entered RUNNING state, process has stayed up for > than 1 seconds (startsecs)
2025-08-15 19:51:24,201 WARN received SIGTERM indicating exit request
2025-08-15 19:51:24,203 INFO waiting for flask_app, tracker to die
2025-08-15 19:51:24,396 WARN stopped: tracker (terminated by SIGTERM)
2025-08-15 19:51:24,398 WARN stopped: flask_app (terminated by SIGTERM)
2025-08-15 19:51:25,714 CRIT Supervisor is running as root.  Privileges were not dropped because no user is specified in the config file.  If you intend to run as root, you can set user=root in the config file to avoid this message.
2025-08-15 19:51:25,716 INFO supervisord started with pid 1
2025-08-15 19:51:26,720 INFO spawned: 'flask_app' with pid 6
2025-08-15 19:51:26,723 INFO spawned: 'tracker' with pid 7
2025-08-15 19:51:27,855 INFO success: flask_app entered RUNNING state, process has stayed up for > than 1 seconds (startsecs)
2025-08-15 19:51:27,855 INFO success: tracker entered RUNNING state, process has stayed up for > than 1 seconds (startsecs)
2025-08-15 19:52:10,758 WARN received SIGTERM indicating exit request
2025-08-15 19:52:10,759 INFO waiting for flask_app, tracker to die
2025-08-15 19:52:10,761 WARN stopped: tracker (terminated by SIGTERM)
2025-08-15 19:52:10,767 WARN stopped: flask_app (terminated by SIGTERM)
2025-08-15 19:52:11,629 CRIT Supervisor is running as root.  Privileges were not dropped because no user is specified in the config file.  If you intend to run as root, you can set user=root in the config file to avoid this message.
2025-08-15 19:52:11,630 INFO supervisord started with pid 1
2025-08-15 19:52:12,635 INFO spawned: 'flask_app' with pid 7
2025-08-15 19:52:12,637 INFO spawned: 'tracker' with pid 8
2025-08-15 19:52:13,752 INFO success: flask_app entered RUNNING state, process has stayed up for > than 1 seconds (startsecs)
2025-08-15 19:52:13,752 INFO success: tracker entered RUNNING state, process has stayed up for > than 1 seconds (startsecs)
2025-08-15 19:52:20,761 WARN received SIGTERM indicating exit request
2025-08-15 19:52:20,761 INFO waiting for flask_app, tracker to die
2025-08-15 19:52:20,763 WARN stopped: tracker (terminated by SIGTERM)
2025-08-15 19:52:20,769 WARN stopped: flask_app (terminated by SIGTERM)
2025-08-15 19:52:21,696 CRIT Supervisor is running as root.  Privileges were not dropped because no user is specified in the config file.  If you intend to run as root, you can set user=root in the config file to avoid this message.
2025-08-15 19:52:21,697 INFO supervisord started with pid 1
2025-08-15 19:52:22,701 INFO spawned: 'flask_app' with pid 7
2025-08-15 19:52:22,704 INFO spawned: 'tracker' with pid 8
2025-08-15 19:52:23,822 INFO success: flask_app entered RUNNING state, process has stayed up for > than 1 seconds (startsecs)
2025-08-15 19:52:23,822 INFO success: tracker entered RUNNING state, process has stayed up for > than 1 seconds (startsecs)
2025-08-18 13:16:39,632 WARN received SIGTERM indicating exit request
2025-08-18 13:16:39,634 INFO waiting for flask_app, tracker to die
2025-08-18 13:16:39,791 WARN stopped: tracker (terminated by SIGTERM)
2025-08-18 13:16:39,792 WARN stopped: flask_app (terminated by SIGTERM)
2025-08-18 13:17:19,104 CRIT Supervisor is running as root.  Privileges were not dropped because no user is specified in the config file.  If you intend to run as root, you can set user=root in the config file to avoid this message.
2025-08-18 13:17:19,106 INFO supervisord started with pid 1
2025-08-18 13:17:20,108 INFO spawned: 'flask_app' with pid 7
2025-08-18 13:17:20,109 INFO spawned: 'tracker' with pid 8
2025-08-18 13:17:20,164 WARN exited: tracker (exit status 1; not expected)
2025-08-18 13:17:21,293 INFO success: flask_app entered RUNNING state, process has stayed up for > than 1 seconds (startsecs)
2025-08-18 13:17:21,297 INFO spawned: 'tracker' with pid 9
2025-08-18 13:17:22,326 INFO success: tracker entered RUNNING state, process has stayed up for > than 1 seconds (startsecs)
2025-08-19 08:01:20,623 WARN received SIGTERM indicating exit request
2025-08-19 08:01:20,627 INFO waiting for flask_app, tracker to die
2025-08-19 08:01:20,628 WARN stopped: tracker (terminated by SIGTERM)
2025-08-19 08:01:20,629 WARN stopped: flask_app (terminated by SIGTERM)
2025-08-19 08:01:21,777 CRIT Supervisor is running as root.  Privileges were not dropped because no user is specified in the config file.  If you intend to run as root, you can set user=root in the config file to avoid this message.
2025-08-19 08:01:21,779 INFO supervisord started with pid 1
2025-08-19 08:01:22,781 INFO spawned: 'flask_app' with pid 7
2025-08-19 08:01:22,782 INFO spawned: 'tracker' with pid 8
2025-08-19 08:01:22,840 WARN exited: tracker (exit status 1; not expected)
2025-08-19 08:01:23,995 INFO success: flask_app entered RUNNING state, process has stayed up for > than 1 seconds (startsecs)
2025-08-19 08:01:23,996 INFO spawned: 'tracker' with pid 9
2025-08-19 08:01:25,039 INFO success: tracker entered RUNNING state, process has stayed up for > than 1 seconds (startsecs)
2025-08-19 08:06:33,098 WARN received SIGTERM indicating exit request
2025-08-19 08:06:33,101 INFO waiting for flask_app, tracker to die
2025-08-19 08:06:33,101 WARN stopped: tracker (terminated by SIGTERM)
2025-08-19 08:06:33,103 WARN stopped: flask_app (terminated by SIGTERM)
2025-08-19 08:06:33,977 CRIT Supervisor is running as root.  Privileges were not dropped because no user is specified in the config file.  If you intend to run as root, you can set user=root in the config file to avoid this message.
2025-08-19 08:06:33,979 INFO supervisord started with pid 1
2025-08-19 08:06:34,981 INFO spawned: 'flask_app' with pid 7
2025-08-19 08:06:34,982 INFO spawned: 'tracker' with pid 8
2025-08-19 08:06:35,036 WARN exited: tracker (exit status 1; not expected)
2025-08-19 08:06:36,170 INFO success: flask_app entered RUNNING state, process has stayed up for > than 1 seconds (startsecs)
2025-08-19 08:06:36,171 INFO spawned: 'tracker' with pid 9
2025-08-19 08:06:37,197 INFO success: tracker entered RUNNING state, process has stayed up for > than 1 seconds (startsecs)
2025-08-19 10:28:02,602 WARN received SIGTERM indicating exit request
2025-08-19 10:28:02,606 INFO waiting for flask_app, tracker to die
2025-08-19 10:28:03,615 WARN stopped: tracker (terminated by SIGTERM)
2025-08-19 10:28:03,616 WARN stopped: flask_app (terminated by SIGTERM)
2025-08-19 10:28:04,928 CRIT Supervisor is running as root.  Privileges were not dropped because no user is specified in the config file.  If you intend to run as root, you can set user=root in the config file to avoid this message.
2025-08-19 10:28:04,929 INFO supervisord started with pid 1
2025-08-19 10:28:05,934 INFO spawned: 'flask_app' with pid 6
2025-08-19 10:28:05,936 INFO spawned: 'tracker' with pid 7
2025-08-19 10:28:05,997 WARN exited: tracker (exit status 1; not expected)
2025-08-19 10:28:07,126 INFO success: flask_app entered RUNNING state, process has stayed up for > than 1 seconds (startsecs)
2025-08-19 10:28:07,129 INFO spawned: 'tracker' with pid 8
2025-08-19 10:28:08,155 INFO success: tracker entered RUNNING state, process has stayed up for > than 1 seconds (startsecs)
2025-08-19 11:25:15,364 WARN received SIGTERM indicating exit request
2025-08-19 11:25:15,366 INFO waiting for flask_app, tracker to die
2025-08-19 11:25:16,368 WARN stopped: tracker (terminated by SIGTERM)
2025-08-19 11:25:16,369 WARN stopped: flask_app (terminated by SIGTERM)
2025-08-19 11:25:17,725 CRIT Supervisor is running as root.  Privileges were not dropped because no user is specified in the config file.  If you intend to run as root, you can set user=root in the config file to avoid this message.
2025-08-19 11:25:17,726 INFO supervisord started with pid 1
2025-08-19 11:25:18,731 INFO spawned: 'flask_app' with pid 7
2025-08-19 11:25:18,733 INFO spawned: 'tracker' with pid 8
2025-08-19 11:25:18,784 WARN exited: tracker (exit status 1; not expected)
2025-08-19 11:25:19,913 INFO success: flask_app entered RUNNING state, process has stayed up for > than 1 seconds (startsecs)
2025-08-19 11:25:19,917 INFO spawned: 'tracker' with pid 9
2025-08-19 11:25:20,942 INFO success: tracker entered RUNNING state, process has stayed up for > than 1 seconds (startsecs)
2025-08-19 11:29:31,083 WARN received SIGTERM indicating exit request
2025-08-19 11:29:31,084 INFO waiting for flask_app, tracker to die
2025-08-19 11:29:32,085 WARN stopped: tracker (terminated by SIGTERM)
2025-08-19 11:29:32,087 WARN stopped: flask_app (terminated by SIGTERM)
2025-08-19 11:29:33,097 CRIT Supervisor is running as root.  Privileges were not dropped because no user is specified in the config file.  If you intend to run as root, you can set user=root in the config file to avoid this message.
2025-08-19 11:29:33,098 INFO supervisord started with pid 1
2025-08-19 11:29:34,101 INFO spawned: 'flask_app' with pid 7
2025-08-19 11:29:34,102 INFO spawned: 'tracker' with pid 8
2025-08-19 11:29:34,143 WARN exited: tracker (exit status 1; not expected)
2025-08-19 11:29:35,278 INFO success: flask_app entered RUNNING state, process has stayed up for > than 1 seconds (startsecs)
2025-08-19 11:29:35,279 INFO spawned: 'tracker' with pid 9
2025-08-19 11:29:36,305 INFO success: tracker entered RUNNING state, process has stayed up for > than 1 seconds (startsecs)
2025-08-19 15:00:38,006 WARN received SIGTERM indicating exit request
2025-08-19 15:00:38,010 INFO waiting for flask_app, tracker to die
2025-08-19 15:00:39,011 WARN stopped: tracker (terminated by SIGTERM)
2025-08-19 15:00:39,013 WARN stopped: flask_app (terminated by SIGTERM)
2025-08-19 15:01:29,725 CRIT Supervisor is running as root.  Privileges were not dropped because no user is specified in the config file.  If you intend to run as root, you can set user=root in the config file to avoid this message.
2025-08-19 15:01:29,727 INFO supervisord started with pid 1
2025-08-19 15:01:30,729 INFO spawned: 'flask_app' with pid 7
2025-08-19 15:01:30,730 INFO spawned: 'tracker' with pid 8
2025-08-19 15:01:31,799 INFO success: flask_app entered RUNNING state, process has stayed up for > than 1 seconds (startsecs)
2025-08-19 15:01:31,799 INFO success: tracker entered RUNNING state, process has stayed up for > than 1 seconds (startsecs)
2025-08-19 15:05:07,438 WARN received SIGTERM indicating exit request
2025-08-19 15:05:07,439 INFO waiting for flask_app, tracker to die
2025-08-19 15:05:08,441 WARN stopped: tracker (terminated by SIGTERM)
2025-08-19 15:05:08,446 WARN stopped: flask_app (terminated by SIGTERM)
2025-08-19 15:05:09,431 CRIT Supervisor is running as root.  Privileges were not dropped because no user is specified in the config file.  If you intend to run as root, you can set user=root in the config file to avoid this message.
2025-08-19 15:05:09,432 INFO supervisord started with pid 1
2025-08-19 15:05:10,436 INFO spawned: 'flask_app' with pid 7
2025-08-19 15:05:10,439 INFO spawned: 'tracker' with pid 8
2025-08-19 15:05:11,553 INFO success: flask_app entered RUNNING state, process has stayed up for > than 1 seconds (startsecs)
2025-08-19 15:05:11,553 INFO success: tracker entered RUNNING state, process has stayed up for > than 1 seconds (startsecs)
2025-08-20 11:37:23,731 WARN exited: tracker (exit status 1; not expected)
2025-08-20 11:37:24,747 INFO spawned: 'tracker' with pid 8809
2025-08-20 11:37:24,767 WARN exited: tracker (exit status 1; not expected)
2025-08-20 11:37:25,770 INFO spawned: 'tracker' with pid 8810
2025-08-20 11:37:25,785 WARN exited: tracker (exit status 1; not expected)
2025-08-20 11:37:27,791 INFO spawned: 'tracker' with pid 8811
2025-08-20 11:37:27,811 WARN exited: tracker (exit status 1; not expected)
2025-08-20 11:37:30,818 INFO spawned: 'tracker' with pid 8812
2025-08-20 11:37:30,837 WARN exited: tracker (exit status 1; not expected)
2025-08-20 11:37:31,838 INFO gave up: tracker entered FATAL state, too many start retries too quickly
2025-08-20 11:37:46,855 WARN received SIGTERM indicating exit request
2025-08-20 11:37:46,856 INFO waiting for flask_app to die
2025-08-20 11:37:47,862 WARN stopped: flask_app (terminated by SIGTERM)
2025-08-20 11:37:49,109 CRIT Supervisor is running as root.  Privileges were not dropped because no user is specified in the config file.  If you intend to run as root, you can set user=root in the config file to avoid this message.
2025-08-20 11:37:49,110 INFO supervisord started with pid 1
2025-08-20 11:37:50,115 INFO spawned: 'flask_app' with pid 7
2025-08-20 11:37:50,117 INFO spawned: 'tracker' with pid 8
2025-08-20 11:37:50,132 WARN exited: tracker (exit status 1; not expected)
2025-08-20 11:37:51,254 INFO success: flask_app entered RUNNING state, process has stayed up for > than 1 seconds (startsecs)
2025-08-20 11:37:51,257 INFO spawned: 'tracker' with pid 9
2025-08-20 11:37:51,274 WARN exited: tracker (exit status 1; not expected)
2025-08-20 11:37:53,280 INFO spawned: 'tracker' with pid 10
2025-08-20 11:37:53,299 WARN exited: tracker (exit status 1; not expected)
2025-08-20 11:37:56,306 INFO spawned: 'tracker' with pid 11
2025-08-20 11:37:56,326 WARN exited: tracker (exit status 1; not expected)
2025-08-20 11:37:57,327 INFO gave up: tracker entered FATAL state, too many start retries too quickly
2025-08-20 11:52:41,877 WARN received SIGTERM indicating exit request
2025-08-20 11:52:41,877 INFO waiting for flask_app to die
2025-08-20 11:52:42,884 WARN stopped: flask_app (terminated by SIGTERM)
2025-08-20 11:52:43,847 CRIT Supervisor is running as root.  Privileges were not dropped because no user is specified in the config file.  If you intend to run as root, you can set user=root in the config file to avoid this message.
2025-08-20 11:52:43,848 INFO supervisord started with pid 1
2025-08-20 11:52:44,852 INFO spawned: 'flask_app' with pid 7
2025-08-20 11:52:44,855 INFO spawned: 'tracker' with pid 8
2025-08-20 11:52:44,870 WARN exited: tracker (exit status 1; not expected)
2025-08-20 11:52:45,970 INFO success: flask_app entered RUNNING state, process has stayed up for > than 1 seconds (startsecs)
2025-08-20 11:52:45,971 INFO spawned: 'tracker' with pid 9
2025-08-20 11:52:45,986 WARN exited: tracker (exit status 1; not expected)
2025-08-20 11:52:47,992 INFO spawned: 'tracker' with pid 10
2025-08-20 11:52:48,012 WARN exited: tracker (exit status 1; not expected)
2025-08-20 11:52:51,017 INFO spawned: 'tracker' with pid 11
2025-08-20 11:52:51,033 WARN exited: tracker (exit status 1; not expected)
2025-08-20 11:52:52,034 INFO gave up: tracker entered FATAL state, too many start retries too quickly
2025-08-20 12:19:06,779 WARN received SIGTERM indicating exit request
2025-08-20 12:19:06,779 INFO waiting for flask_app to die
2025-08-20 12:19:07,786 WARN stopped: flask_app (terminated by SIGTERM)
2025-08-20 12:19:08,631 CRIT Supervisor is running as root.  Privileges were not dropped because no user is specified in the config file.  If you intend to run as root, you can set user=root in the config file to avoid this message.
2025-08-20 12:19:08,632 INFO supervisord started with pid 1
2025-08-20 12:19:09,637 INFO spawned: 'flask_app' with pid 7
2025-08-20 12:19:09,639 INFO spawned: 'tracker' with pid 8
2025-08-20 12:19:09,666 WARN exited: tracker (exit status 1; not expected)
2025-08-20 12:19:10,757 INFO success: flask_app entered RUNNING state, process has stayed up for > than 1 seconds (startsecs)
2025-08-20 12:19:10,761 INFO spawned: 'tracker' with pid 9
2025-08-20 12:19:11,789 INFO success: tracker entered RUNNING state, process has stayed up for > than 1 seconds (startsecs)
2025-08-20 13:38:17,939 WARN received SIGTERM indicating exit request
2025-08-20 13:38:17,942 INFO waiting for flask_app, tracker to die
2025-08-20 13:38:18,043 WARN stopped: tracker (terminated by SIGTERM)
2025-08-20 13:38:18,045 WARN stopped: flask_app (terminated by SIGTERM)
2025-08-20 13:38:19,317 CRIT Supervisor is running as root.  Privileges were not dropped because no user is specified in the config file.  If you intend to run as root, you can set user=root in the config file to avoid this message.
2025-08-20 13:38:19,319 INFO supervisord started with pid 1
2025-08-20 13:38:20,321 INFO spawned: 'flask_app' with pid 7
2025-08-20 13:38:20,323 INFO spawned: 'tracker' with pid 8
2025-08-20 13:38:20,377 WARN exited: tracker (exit status 1; not expected)
2025-08-20 13:38:21,540 INFO success: flask_app entered RUNNING state, process has stayed up for > than 1 seconds (startsecs)
2025-08-20 13:38:21,541 INFO spawned: 'tracker' with pid 9
2025-08-20 13:38:22,583 INFO success: tracker entered RUNNING state, process has stayed up for > than 1 seconds (startsecs)
2025-08-21 06:16:37,747 WARN received SIGTERM indicating exit request
2025-08-21 06:16:37,751 INFO waiting for flask_app, tracker to die
2025-08-21 06:16:38,760 WARN stopped: tracker (terminated by SIGTERM)
2025-08-21 06:16:38,762 WARN stopped: flask_app (terminated by SIGTERM)
2025-08-21 06:16:40,015 CRIT Supervisor is running as root.  Privileges were not dropped because no user is specified in the config file.  If you intend to run as root, you can set user=root in the config file to avoid this message.
2025-08-21 06:16:40,017 INFO supervisord started with pid 1
2025-08-21 06:16:41,019 INFO spawned: 'flask_app' with pid 6
2025-08-21 06:16:41,021 INFO spawned: 'tracker' with pid 7
2025-08-21 06:16:41,055 WARN exited: tracker (exit status 1; not expected)
2025-08-21 06:16:42,194 INFO success: flask_app entered RUNNING state, process has stayed up for > than 1 seconds (startsecs)
2025-08-21 06:16:42,195 INFO spawned: 'tracker' with pid 8
2025-08-21 06:16:43,225 INFO success: tracker entered RUNNING state, process has stayed up for > than 1 seconds (startsecs)
2025-08-21 07:00:21,300 WARN received SIGTERM indicating exit request
2025-08-21 07:00:21,301 INFO waiting for flask_app, tracker to die
2025-08-21 07:00:21,303 WARN stopped: tracker (terminated by SIGTERM)
2025-08-21 07:00:21,308 WARN stopped: flask_app (terminated by SIGTERM)
2025-08-21 07:00:22,491 CRIT Supervisor is running as root.  Privileges were not dropped because no user is specified in the config file.  If you intend to run as root, you can set user=root in the config file to avoid this message.
2025-08-21 07:00:22,493 INFO supervisord started with pid 1
2025-08-21 07:00:23,497 INFO spawned: 'flask_app' with pid 8
2025-08-21 07:00:23,500 INFO spawned: 'tracker' with pid 9
2025-08-21 07:00:24,622 INFO success: flask_app entered RUNNING state, process has stayed up for > than 1 seconds (startsecs)
2025-08-21 07:00:24,623 INFO success: tracker entered RUNNING state, process has stayed up for > than 1 seconds (startsecs)
2025-08-21 07:00:46,532 WARN received SIGTERM indicating exit request
2025-08-21 07:00:46,532 INFO waiting for flask_app, tracker to die
2025-08-21 07:00:46,535 WARN stopped: tracker (terminated by SIGTERM)
2025-08-21 07:00:46,540 WARN stopped: flask_app (terminated by SIGTERM)
2025-08-21 07:00:47,508 CRIT Supervisor is running as root.  Privileges were not dropped because no user is specified in the config file.  If you intend to run as root, you can set user=root in the config file to avoid this message.
2025-08-21 07:00:47,509 INFO supervisord started with pid 1
2025-08-21 07:00:48,514 INFO spawned: 'flask_app' with pid 7
2025-08-21 07:00:48,516 INFO spawned: 'tracker' with pid 8
2025-08-21 07:00:48,545 WARN exited: tracker (exit status 1; not expected)
2025-08-21 07:00:49,637 INFO success: flask_app entered RUNNING state, process has stayed up for > than 1 seconds (startsecs)
2025-08-21 07:00:49,641 INFO spawned: 'tracker' with pid 9
2025-08-21 07:00:50,669 INFO success: tracker entered RUNNING state, process has stayed up for > than 1 seconds (startsecs)
2025-08-21 07:39:04,730 WARN received SIGTERM indicating exit request
2025-08-21 07:39:04,733 INFO waiting for flask_app, tracker to die
2025-08-21 07:39:04,734 WARN stopped: tracker (terminated by SIGTERM)
2025-08-21 07:39:04,736 WARN stopped: flask_app (terminated by SIGTERM)
2025-08-21 07:39:05,503 CRIT Supervisor is running as root.  Privileges were not dropped because no user is specified in the config file.  If you intend to run as root, you can set user=root in the config file to avoid this message.
2025-08-21 07:39:05,505 INFO supervisord started with pid 1
2025-08-21 07:39:06,507 INFO spawned: 'flask_app' with pid 7
2025-08-21 07:39:06,509 INFO spawned: 'tracker' with pid 8
2025-08-21 07:39:06,548 WARN exited: tracker (exit status 1; not expected)
2025-08-21 07:39:07,663 INFO success: flask_app entered RUNNING state, process has stayed up for > than 1 seconds (startsecs)
2025-08-21 07:39:07,664 INFO spawned: 'tracker' with pid 9
2025-08-21 07:39:08,690 INFO success: tracker entered RUNNING state, process has stayed up for > than 1 seconds (startsecs)
2025-08-21 07:40:32,697 WARN received SIGTERM indicating exit request
2025-08-21 07:40:32,705 INFO waiting for flask_app, tracker to die
2025-08-21 07:40:32,705 WARN stopped: tracker (terminated by SIGTERM)
2025-08-21 07:40:33,708 WARN stopped: flask_app (terminated by SIGTERM)
2025-08-21 07:40:34,430 CRIT Supervisor is running as root.  Privileges were not dropped because no user is specified in the config file.  If you intend to run as root, you can set user=root in the config file to avoid this message.
2025-08-21 07:40:34,432 INFO supervisord started with pid 1
2025-08-21 07:40:35,434 INFO spawned: 'flask_app' with pid 8
2025-08-21 07:40:35,435 INFO spawned: 'tracker' with pid 9
2025-08-21 07:40:36,571 INFO success: flask_app entered RUNNING state, process has stayed up for > than 1 seconds (startsecs)
2025-08-21 07:40:36,572 INFO success: tracker entered RUNNING state, process has stayed up for > than 1 seconds (startsecs)
2025-08-22 12:01:10,467 WARN received SIGTERM indicating exit request
2025-08-22 12:01:10,470 INFO waiting for flask_app, tracker to die
2025-08-22 12:01:10,864 WARN stopped: tracker (terminated by SIGTERM)
2025-08-22 12:01:10,865 WARN stopped: flask_app (terminated by SIGTERM)
2025-08-22 12:01:12,220 CRIT Supervisor is running as root.  Privileges were not dropped because no user is specified in the config file.  If you intend to run as root, you can set user=root in the config file to avoid this message.
2025-08-22 12:01:12,222 INFO supervisord started with pid 1
2025-08-22 12:01:13,227 INFO spawned: 'flask_app' with pid 7
2025-08-22 12:01:13,229 INFO spawned: 'tracker' with pid 8
2025-08-22 12:01:14,269 INFO success: flask_app entered RUNNING state, process has stayed up for > than 1 seconds (startsecs)
2025-08-22 12:01:14,269 INFO success: tracker entered RUNNING state, process has stayed up for > than 1 seconds (startsecs)
2025-08-22 12:05:43,619 WARN received SIGTERM indicating exit request
2025-08-22 12:05:43,619 INFO waiting for flask_app, tracker to die
2025-08-22 12:05:43,620 WARN stopped: tracker (terminated by SIGTERM)
2025-08-22 12:05:43,624 WARN stopped: flask_app (terminated by SIGTERM)
2025-08-22 12:05:44,694 CRIT Supervisor is running as root.  Privileges were not dropped because no user is specified in the config file.  If you intend to run as root, you can set user=root in the config file to avoid this message.
2025-08-22 12:05:44,696 INFO supervisord started with pid 1
2025-08-22 12:05:45,700 INFO spawned: 'flask_app' with pid 7
2025-08-22 12:05:45,703 INFO spawned: 'tracker' with pid 8
2025-08-22 12:05:45,730 WARN exited: tracker (exit status 1; not expected)
2025-08-22 12:05:46,830 INFO success: flask_app entered RUNNING state, process has stayed up for > than 1 seconds (startsecs)
2025-08-22 12:05:46,834 INFO spawned: 'tracker' with pid 9
2025-08-22 12:05:47,860 INFO success: tracker entered RUNNING state, process has stayed up for > than 1 seconds (startsecs)
2025-08-22 14:22:37,705 WARN received SIGTERM indicating exit request
2025-08-22 14:22:37,705 INFO waiting for flask_app, tracker to die
2025-08-22 14:22:37,814 WARN stopped: tracker (terminated by SIGTERM)
2025-08-22 14:22:37,816 WARN stopped: flask_app (terminated by SIGTERM)
2025-08-22 14:22:38,903 CRIT Supervisor is running as root.  Privileges were not dropped because no user is specified in the config file.  If you intend to run as root, you can set user=root in the config file to avoid this message.
2025-08-22 14:22:38,904 INFO supervisord started with pid 1
2025-08-22 14:22:39,909 INFO spawned: 'flask_app' with pid 7
2025-08-22 14:22:39,912 INFO spawned: 'tracker' with pid 8
2025-08-22 14:22:41,061 INFO success: flask_app entered RUNNING state, process has stayed up for > than 1 seconds (startsecs)
2025-08-22 14:22:41,061 INFO success: tracker entered RUNNING state, process has stayed up for > than 1 seconds (startsecs)
2025-08-22 14:48:43,058 WARN received SIGTERM indicating exit request
2025-08-22 14:48:43,058 INFO waiting for flask_app, tracker to die
2025-08-22 14:48:44,060 WARN stopped: tracker (terminated by SIGTERM)
2025-08-22 14:48:44,062 WARN stopped: flask_app (terminated by SIGTERM)
2025-08-22 14:48:45,221 CRIT Supervisor is running as root.  Privileges were not dropped because no user is specified in the config file.  If you intend to run as root, you can set user=root in the config file to avoid this message.
2025-08-22 14:48:45,222 INFO supervisord started with pid 1
2025-08-22 14:48:46,227 INFO spawned: 'flask_app' with pid 7
2025-08-22 14:48:46,229 INFO spawned: 'tracker' with pid 8
2025-08-22 14:48:47,385 INFO success: flask_app entered RUNNING state, process has stayed up for > than 1 seconds (startsecs)
2025-08-22 14:48:47,386 INFO success: tracker entered RUNNING state, process has stayed up for > than 1 seconds (startsecs)
2025-08-26 11:45:20,654 WARN received SIGTERM indicating exit request
2025-08-26 11:45:20,659 INFO waiting for flask_app, tracker to die
2025-08-26 11:45:21,668 WARN stopped: tracker (terminated by SIGTERM)
2025-08-26 11:45:21,670 WARN stopped: flask_app (terminated by SIGTERM)
2025-08-26 11:45:23,324 CRIT Supervisor is running as root.  Privileges were not dropped because no user is specified in the config file.  If you intend to run as root, you can set user=root in the config file to avoid this message.
2025-08-26 11:45:23,326 INFO supervisord started with pid 1
2025-08-26 11:45:24,331 INFO spawned: 'flask_app' with pid 6
2025-08-26 11:45:24,333 INFO spawned: 'tracker' with pid 7
2025-08-26 11:45:24,375 WARN exited: tracker (exit status 1; not expected)
2025-08-26 11:45:25,492 INFO success: flask_app entered RUNNING state, process has stayed up for > than 1 seconds (startsecs)
2025-08-26 11:45:25,496 INFO spawned: 'tracker' with pid 8
2025-08-26 11:45:26,521 INFO success: tracker entered RUNNING state, process has stayed up for > than 1 seconds (startsecs)
2025-08-26 12:10:47,899 WARN received SIGTERM indicating exit request
2025-08-26 12:10:47,900 INFO waiting for flask_app, tracker to die
2025-08-26 12:10:47,902 WARN stopped: tracker (terminated by SIGTERM)
2025-08-26 12:10:47,907 WARN stopped: flask_app (terminated by SIGTERM)
2025-08-26 12:10:48,867 CRIT Supervisor is running as root.  Privileges were not dropped because no user is specified in the config file.  If you intend to run as root, you can set user=root in the config file to avoid this message.
2025-08-26 12:10:48,869 INFO supervisord started with pid 1
2025-08-26 12:10:49,871 INFO spawned: 'flask_app' with pid 7
2025-08-26 12:10:49,874 INFO spawned: 'tracker' with pid 8
2025-08-26 12:10:50,997 INFO success: flask_app entered RUNNING state, process has stayed up for > than 1 seconds (startsecs)
2025-08-26 12:10:50,998 INFO success: tracker entered RUNNING state, process has stayed up for > than 1 seconds (startsecs)
2025-08-26 12:19:08,627 WARN received SIGTERM indicating exit request
2025-08-26 12:19:08,628 INFO waiting for flask_app, tracker to die
2025-08-26 12:19:08,630 WARN stopped: tracker (terminated by SIGTERM)
2025-08-26 12:19:08,635 WARN stopped: flask_app (terminated by SIGTERM)
2025-08-26 12:19:09,616 CRIT Supervisor is running as root.  Privileges were not dropped because no user is specified in the config file.  If you intend to run as root, you can set user=root in the config file to avoid this message.
2025-08-26 12:19:09,617 INFO supervisord started with pid 1
2025-08-26 12:19:10,622 INFO spawned: 'flask_app' with pid 7
2025-08-26 12:19:10,625 INFO spawned: 'tracker' with pid 8
2025-08-26 12:19:11,741 INFO success: flask_app entered RUNNING state, process has stayed up for > than 1 seconds (startsecs)
2025-08-26 12:19:11,741 INFO success: tracker entered RUNNING state, process has stayed up for > than 1 seconds (startsecs)
2025-08-26 14:19:20,259 WARN received SIGTERM indicating exit request
2025-08-26 14:19:20,260 INFO waiting for flask_app, tracker to die
2025-08-26 14:19:21,262 WARN stopped: tracker (terminated by SIGTERM)
2025-08-26 14:19:22,265 WARN stopped: flask_app (terminated by SIGTERM)
2025-08-26 14:19:23,325 CRIT Supervisor is running as root.  Privileges were not dropped because no user is specified in the config file.  If you intend to run as root, you can set user=root in the config file to avoid this message.
2025-08-26 14:19:23,327 INFO supervisord started with pid 1
2025-08-26 14:19:24,332 INFO spawned: 'flask_app' with pid 7
2025-08-26 14:19:24,334 INFO spawned: 'tracker' with pid 8
2025-08-26 14:19:25,479 INFO success: flask_app entered RUNNING state, process has stayed up for > than 1 seconds (startsecs)
2025-08-26 14:19:25,480 INFO success: tracker entered RUNNING state, process has stayed up for > than 1 seconds (startsecs)
2025-08-26 14:19:34,379 WARN exited: tracker (exit status 1; not expected)
2025-08-26 14:19:35,384 INFO spawned: 'tracker' with pid 9
2025-08-26 14:19:35,457 WARN exited: tracker (exit status 1; not expected)
2025-08-26 14:19:36,462 INFO spawned: 'tracker' with pid 10
2025-08-26 14:19:36,494 WARN exited: tracker (exit status 1; not expected)
2025-08-26 14:19:38,500 INFO spawned: 'tracker' with pid 11
2025-08-26 14:19:38,532 WARN exited: tracker (exit status 1; not expected)
2025-08-26 14:19:41,539 INFO spawned: 'tracker' with pid 12
2025-08-26 14:19:41,612 WARN exited: tracker (exit status 1; not expected)
2025-08-26 14:19:42,614 INFO gave up: tracker entered FATAL state, too many start retries too quickly
2025-08-26 14:22:54,000 WARN received SIGTERM indicating exit request
2025-08-26 14:22:54,000 INFO waiting for flask_app to die
2025-08-26 14:22:55,007 WARN stopped: flask_app (terminated by SIGTERM)
2025-08-26 14:22:55,926 CRIT Supervisor is running as root.  Privileges were not dropped because no user is specified in the config file.  If you intend to run as root, you can set user=root in the config file to avoid this message.
2025-08-26 14:22:55,927 INFO supervisord started with pid 1
2025-08-26 14:22:56,932 INFO spawned: 'flask_app' with pid 6
2025-08-26 14:22:56,935 INFO spawned: 'tracker' with pid 7
2025-08-26 14:22:56,961 WARN exited: tracker (exit status 1; not expected)
2025-08-26 14:22:58,051 INFO success: flask_app entered RUNNING state, process has stayed up for > than 1 seconds (startsecs)
2025-08-26 14:22:58,055 INFO spawned: 'tracker' with pid 8
2025-08-26 14:22:59,124 INFO success: tracker entered RUNNING state, process has stayed up for > than 1 seconds (startsecs)
2025-08-27 11:46:11,654 INFO reaped unknown pid 451 (exit status 0)
2025-08-27 11:46:11,658 INFO reaped unknown pid 452 (exit status 0)
2025-08-27 11:46:16,045 INFO reaped unknown pid 441 (exit status 0)
2025-08-27 11:46:16,045 INFO reaped unknown pid 442 (exit status 0)
2025-09-04 07:54:53,795 WARN received SIGTERM indicating exit request
2025-09-04 07:54:53,804 INFO waiting for flask_app, tracker to die
2025-09-04 07:54:53,806 WARN stopped: tracker (terminated by SIGTERM)
2025-09-04 07:54:53,812 WARN stopped: flask_app (terminated by SIGTERM)
2025-09-04 07:54:55,218 CRIT Supervisor is running as root.  Privileges were not dropped because no user is specified in the config file.  If you intend to run as root, you can set user=root in the config file to avoid this message.
2025-09-04 07:54:55,220 INFO supervisord started with pid 1
2025-09-04 07:54:56,225 INFO spawned: 'flask_app' with pid 7
2025-09-04 07:54:56,227 INFO spawned: 'tracker' with pid 8
2025-09-04 07:54:57,405 INFO success: flask_app entered RUNNING state, process has stayed up for > than 1 seconds (startsecs)
2025-09-04 07:54:57,405 INFO success: tracker entered RUNNING state, process has stayed up for > than 1 seconds (startsecs)
2025-09-04 07:55:00,409 WARN received SIGTERM indicating exit request
2025-09-04 07:55:00,410 INFO waiting for flask_app, tracker to die
2025-09-04 07:55:00,412 WARN stopped: tracker (terminated by SIGTERM)
2025-09-04 07:55:00,418 WARN stopped: flask_app (terminated by SIGTERM)
2025-09-04 07:55:01,255 CRIT Supervisor is running as root.  Privileges were not dropped because no user is specified in the config file.  If you intend to run as root, you can set user=root in the config file to avoid this message.
2025-09-04 07:55:01,257 INFO supervisord started with pid 1
2025-09-04 07:55:02,259 INFO spawned: 'flask_app' with pid 7
2025-09-04 07:55:02,262 INFO spawned: 'tracker' with pid 8
2025-09-04 07:55:02,290 WARN exited: tracker (exit status 1; not expected)
2025-09-04 07:55:03,382 INFO success: flask_app entered RUNNING state, process has stayed up for > than 1 seconds (startsecs)
2025-09-04 07:55:03,386 INFO spawned: 'tracker' with pid 9
2025-09-04 07:55:04,412 INFO success: tracker entered RUNNING state, process has stayed up for > than 1 seconds (startsecs)
2025-09-04 11:49:22,323 WARN received SIGTERM indicating exit request
2025-09-04 11:49:22,329 INFO waiting for flask_app, tracker to die
2025-09-04 11:49:23,331 WARN stopped: tracker (terminated by SIGTERM)
2025-09-04 11:49:23,333 WARN stopped: flask_app (terminated by SIGTERM)
2025-09-04 11:49:24,863 CRIT Supervisor is running as root.  Privileges were not dropped because no user is specified in the config file.  If you intend to run as root, you can set user=root in the config file to avoid this message.
2025-09-04 11:49:24,866 INFO supervisord started with pid 1
2025-09-04 11:49:25,868 INFO spawned: 'flask_app' with pid 6
2025-09-04 11:49:25,871 INFO spawned: 'tracker' with pid 7
2025-09-04 11:49:27,129 INFO success: flask_app entered RUNNING state, process has stayed up for > than 1 seconds (startsecs)
2025-09-04 11:49:27,129 INFO success: tracker entered RUNNING state, process has stayed up for > than 1 seconds (startsecs)
2025-09-04 11:51:27,254 WARN received SIGTERM indicating exit request
2025-09-04 11:51:27,254 INFO waiting for flask_app, tracker to die
2025-09-04 11:51:27,255 WARN stopped: tracker (terminated by SIGTERM)
2025-09-04 11:51:27,258 WARN stopped: flask_app (terminated by SIGTERM)
2025-09-04 11:51:28,789 CRIT Supervisor is running as root.  Privileges were not dropped because no user is specified in the config file.  If you intend to run as root, you can set user=root in the config file to avoid this message.
2025-09-04 11:51:28,792 INFO supervisord started with pid 1
2025-09-04 11:51:29,794 INFO spawned: 'flask_app' with pid 7
2025-09-04 11:51:29,797 INFO spawned: 'tracker' with pid 8
2025-09-04 11:51:31,123 INFO success: flask_app entered RUNNING state, process has stayed up for > than 1 seconds (startsecs)
2025-09-04 11:51:31,124 INFO success: tracker entered RUNNING state, process has stayed up for > than 1 seconds (startsecs)
2025-09-04 11:53:15,226 WARN received SIGTERM indicating exit request
2025-09-04 11:53:15,226 INFO waiting for flask_app, tracker to die
2025-09-04 11:53:15,227 WARN stopped: tracker (terminated by SIGTERM)
2025-09-04 11:53:15,229 WARN stopped: flask_app (terminated by SIGTERM)
2025-09-04 11:53:16,292 CRIT Supervisor is running as root.  Privileges were not dropped because no user is specified in the config file.  If you intend to run as root, you can set user=root in the config file to avoid this message.
2025-09-04 11:53:16,294 INFO supervisord started with pid 1
2025-09-04 11:53:17,296 INFO spawned: 'flask_app' with pid 6
2025-09-04 11:53:17,298 INFO spawned: 'tracker' with pid 7
2025-09-04 11:53:18,488 INFO success: flask_app entered RUNNING state, process has stayed up for > than 1 seconds (startsecs)
2025-09-04 11:53:18,488 INFO success: tracker entered RUNNING state, process has stayed up for > than 1 seconds (startsecs)
2025-09-04 12:08:38,978 WARN received SIGTERM indicating exit request
2025-09-04 12:08:38,983 INFO waiting for flask_app, tracker to die
2025-09-04 12:08:39,989 WARN stopped: tracker (terminated by SIGTERM)
2025-09-04 12:08:39,995 WARN stopped: flask_app (terminated by SIGTERM)
2025-09-04 12:08:42,389 CRIT Supervisor is running as root.  Privileges were not dropped because no user is specified in the config file.  If you intend to run as root, you can set user=root in the config file to avoid this message.
2025-09-04 12:08:42,392 INFO supervisord started with pid 1
2025-09-04 12:08:43,394 INFO spawned: 'flask_app' with pid 7
2025-09-04 12:08:43,397 INFO spawned: 'tracker' with pid 8
2025-09-04 12:08:44,756 INFO success: flask_app entered RUNNING state, process has stayed up for > than 1 seconds (startsecs)
2025-09-04 12:08:44,756 INFO success: tracker entered RUNNING state, process has stayed up for > than 1 seconds (startsecs)
2025-09-04 12:09:07,465 WARN received SIGTERM indicating exit request
2025-09-04 12:09:07,466 INFO waiting for flask_app, tracker to die
2025-09-04 12:09:08,468 WARN stopped: tracker (terminated by SIGTERM)
2025-09-04 12:09:08,472 WARN stopped: flask_app (terminated by SIGTERM)
2025-09-04 12:09:10,427 CRIT Supervisor is running as root.  Privileges were not dropped because no user is specified in the config file.  If you intend to run as root, you can set user=root in the config file to avoid this message.
2025-09-04 12:09:10,430 INFO supervisord started with pid 1
2025-09-04 12:09:11,433 INFO spawned: 'flask_app' with pid 6
2025-09-04 12:09:11,436 INFO spawned: 'tracker' with pid 7
2025-09-04 12:09:12,733 INFO success: flask_app entered RUNNING state, process has stayed up for > than 1 seconds (startsecs)
2025-09-04 12:09:12,733 INFO success: tracker entered RUNNING state, process has stayed up for > than 1 seconds (startsecs)
2025-09-04 12:18:01,753 WARN received SIGTERM indicating exit request
2025-09-04 12:18:01,756 INFO waiting for flask_app, tracker to die
2025-09-04 12:18:01,757 WARN stopped: tracker (terminated by SIGTERM)
2025-09-04 12:18:01,759 WARN stopped: flask_app (terminated by SIGTERM)
2025-09-04 12:18:02,926 CRIT Supervisor is running as root.  Privileges were not dropped because no user is specified in the config file.  If you intend to run as root, you can set user=root in the config file to avoid this message.
2025-09-04 12:18:02,929 INFO supervisord started with pid 1
2025-09-04 12:18:03,931 INFO spawned: 'flask_app' with pid 6
2025-09-04 12:18:03,933 INFO spawned: 'tracker' with pid 7
2025-09-04 12:18:05,145 INFO success: flask_app entered RUNNING state, process has stayed up for > than 1 seconds (startsecs)
2025-09-04 12:18:05,146 INFO success: tracker entered RUNNING state, process has stayed up for > than 1 seconds (startsecs)
2025-09-04 12:21:22,005 WARN received SIGTERM indicating exit request
2025-09-04 12:21:22,006 INFO waiting for flask_app, tracker to die
2025-09-04 12:21:23,008 WARN stopped: tracker (terminated by SIGTERM)
2025-09-04 12:21:23,009 WARN stopped: flask_app (terminated by SIGTERM)
2025-09-04 12:21:24,348 CRIT Supervisor is running as root.  Privileges were not dropped because no user is specified in the config file.  If you intend to run as root, you can set user=root in the config file to avoid this message.
2025-09-04 12:21:24,350 INFO supervisord started with pid 1
2025-09-04 12:21:25,353 INFO spawned: 'flask_app' with pid 7
2025-09-04 12:21:25,354 INFO spawned: 'tracker' with pid 8
2025-09-04 12:21:26,583 INFO success: flask_app entered RUNNING state, process has stayed up for > than 1 seconds (startsecs)
2025-09-04 12:21:26,583 INFO success: tracker entered RUNNING state, process has stayed up for > than 1 seconds (startsecs)
2025-09-05 11:04:55,755 WARN received SIGTERM indicating exit request
2025-09-05 11:04:55,760 INFO waiting for flask_app, tracker to die
2025-09-05 11:04:55,762 WARN stopped: tracker (terminated by SIGTERM)
2025-09-05 11:04:55,768 WARN stopped: flask_app (terminated by SIGTERM)
2025-09-05 11:04:57,066 CRIT Supervisor is running as root.  Privileges were not dropped because no user is specified in the config file.  If you intend to run as root, you can set user=root in the config file to avoid this message.
2025-09-05 11:04:57,067 INFO supervisord started with pid 1
2025-09-05 11:04:58,070 INFO spawned: 'flask_app' with pid 7
2025-09-05 11:04:58,071 INFO spawned: 'tracker' with pid 8
2025-09-05 11:04:59,237 INFO success: flask_app entered RUNNING state, process has stayed up for > than 1 seconds (startsecs)
2025-09-05 11:04:59,237 INFO success: tracker entered RUNNING state, process has stayed up for > than 1 seconds (startsecs)
2025-09-05 13:24:26,752 WARN received SIGTERM indicating exit request
2025-09-05 13:24:26,754 INFO waiting for flask_app, tracker to die
2025-09-05 13:24:27,763 WARN stopped: tracker (terminated by SIGTERM)
2025-09-05 13:24:27,764 WARN stopped: flask_app (terminated by SIGTERM)
2025-09-05 13:24:29,179 CRIT Supervisor is running as root.  Privileges were not dropped because no user is specified in the config file.  If you intend to run as root, you can set user=root in the config file to avoid this message.
2025-09-05 13:24:29,181 INFO supervisord started with pid 1
2025-09-05 13:24:30,185 INFO spawned: 'flask_app' with pid 6
2025-09-05 13:24:30,190 INFO spawned: 'tracker' with pid 7
2025-09-05 13:24:31,328 INFO success: flask_app entered RUNNING state, process has stayed up for > than 1 seconds (startsecs)
2025-09-05 13:24:31,328 INFO success: tracker entered RUNNING state, process has stayed up for > than 1 seconds (startsecs)
2025-09-05 13:27:24,681 WARN received SIGTERM indicating exit request
2025-09-05 13:27:24,682 INFO waiting for flask_app, tracker to die
2025-09-05 13:27:24,684 WARN stopped: tracker (terminated by SIGTERM)
2025-09-05 13:27:24,689 WARN stopped: flask_app (terminated by SIGTERM)
2025-09-05 13:27:25,733 CRIT Supervisor is running as root.  Privileges were not dropped because no user is specified in the config file.  If you intend to run as root, you can set user=root in the config file to avoid this message.
2025-09-05 13:27:25,735 INFO supervisord started with pid 1
2025-09-05 13:27:26,739 INFO spawned: 'flask_app' with pid 7
2025-09-05 13:27:26,744 INFO spawned: 'tracker' with pid 8
2025-09-05 13:27:27,860 INFO success: flask_app entered RUNNING state, process has stayed up for > than 1 seconds (startsecs)
2025-09-05 13:27:27,861 INFO success: tracker entered RUNNING state, process has stayed up for > than 1 seconds (startsecs)
2025-09-29 02:59:30,504 CRIT Supervisor is running as root.  Privileges were not dropped because no user is specified in the config file.  If you intend to run as root, you can set user=root in the config file to avoid this message.
2025-09-29 02:59:30,507 INFO supervisord started with pid 1
2025-09-29 02:59:31,509 INFO spawned: 'flask_app' with pid 6
2025-09-29 02:59:31,511 INFO spawned: 'tracker' with pid 7
2025-09-29 13:14:34,537 INFO success: flask_app entered RUNNING state, process has stayed up for > than 1 seconds (startsecs)
2025-09-29 13:14:34,538 INFO success: tracker entered RUNNING state, process has stayed up for > than 1 seconds (startsecs)
2025-09-29 13:18:36,398 WARN received SIGTERM indicating exit request
2025-09-29 13:18:36,398 INFO waiting for flask_app, tracker to die
2025-09-29 13:18:36,399 WARN stopped: tracker (terminated by SIGTERM)
2025-09-29 13:18:36,403 WARN stopped: flask_app (terminated by SIGTERM)
2025-09-29 13:19:16,148 CRIT Supervisor is running as root.  Privileges were not dropped because no user is specified in the config file.  If you intend to run as root, you can set user=root in the config file to avoid this message.
2025-09-29 13:19:16,150 INFO supervisord started with pid 1
2025-09-29 13:19:17,152 INFO spawned: 'flask_app' with pid 7
2025-09-29 13:19:17,153 INFO spawned: 'tracker' with pid 8
2025-09-29 13:19:18,358 INFO success: flask_app entered RUNNING state, process has stayed up for > than 1 seconds (startsecs)
2025-09-29 13:19:18,358 INFO success: tracker entered RUNNING state, process has stayed up for > than 1 seconds (startsecs)
2025-10-01 11:37:09,277 WARN received SIGTERM indicating exit request
2025-10-01 11:37:09,278 INFO waiting for flask_app, tracker to die
2025-10-01 11:37:09,279 WARN stopped: tracker (terminated by SIGTERM)
2025-10-01 11:37:09,282 WARN stopped: flask_app (terminated by SIGTERM)
2025-10-01 11:37:57,271 CRIT Supervisor is running as root.  Privileges were not dropped because no user is specified in the config file.  If you intend to run as root, you can set user=root in the config file to avoid this message.
2025-10-01 11:37:57,273 INFO supervisord started with pid 1
2025-10-01 11:37:58,274 INFO spawned: 'flask_app' with pid 7
2025-10-01 11:37:58,276 INFO spawned: 'tracker' with pid 8
2025-10-01 11:37:59,541 INFO success: flask_app entered RUNNING state, process has stayed up for > than 1 seconds (startsecs)
2025-10-01 11:37:59,541 INFO success: tracker entered RUNNING state, process has stayed up for > than 1 seconds (startsecs)
2025-10-01 15:24:51,273 WARN received SIGTERM indicating exit request
2025-10-01 15:24:51,273 INFO waiting for flask_app, tracker to die
2025-10-01 15:24:51,275 WARN stopped: tracker (terminated by SIGTERM)
2025-10-01 15:24:51,281 WARN stopped: flask_app (terminated by SIGTERM)
2025-10-01 15:24:52,226 CRIT Supervisor is running as root.  Privileges were not dropped because no user is specified in the config file.  If you intend to run as root, you can set user=root in the config file to avoid this message.
2025-10-01 15:24:52,228 INFO supervisord started with pid 1
2025-10-01 15:24:53,232 INFO spawned: 'flask_app' with pid 6
2025-10-01 15:24:53,235 INFO spawned: 'tracker' with pid 7
2025-10-01 15:24:54,350 INFO success: flask_app entered RUNNING state, process has stayed up for > than 1 seconds (startsecs)
2025-10-01 15:24:54,350 INFO success: tracker entered RUNNING state, process has stayed up for > than 1 seconds (startsecs)
2025-10-10 05:58:37,058 WARN received SIGTERM indicating exit request
2025-10-10 05:58:37,061 INFO waiting for flask_app, tracker to die
2025-10-10 05:58:37,061 WARN stopped: tracker (terminated by SIGTERM)
2025-10-10 05:58:37,063 WARN stopped: flask_app (terminated by SIGTERM)
2025-10-10 05:58:38,185 CRIT Supervisor is running as root.  Privileges were not dropped because no user is specified in the config file.  If you intend to run as root, you can set user=root in the config file to avoid this message.
2025-10-10 05:58:38,187 INFO supervisord started with pid 1
2025-10-10 05:58:39,190 INFO spawned: 'flask_app' with pid 7
2025-10-10 05:58:39,191 INFO spawned: 'tracker' with pid 8
2025-10-10 05:58:40,356 INFO success: flask_app entered RUNNING state, process has stayed up for > than 1 seconds (startsecs)
2025-10-10 05:58:40,356 INFO success: tracker entered RUNNING state, process has stayed up for > than 1 seconds (startsecs)
2025-10-27 15:15:41,871 CRIT Supervisor is running as root.  Privileges were not dropped because no user is specified in the config file.  If you intend to run as root, you can set user=root in the config file to avoid this message.
2025-10-27 15:15:41,873 INFO supervisord started with pid 1
2025-10-27 15:15:42,875 INFO spawned: 'flask_app' with pid 6
2025-10-27 15:15:42,876 INFO spawned: 'tracker' with pid 7
2025-10-30 07:15:04,784 INFO success: flask_app entered RUNNING state, process has stayed up for > than 1 seconds (startsecs)
2025-10-30 07:15:04,784 INFO success: tracker entered RUNNING state, process has stayed up for > than 1 seconds (startsecs)
2025-10-30 07:19:01,999 CRIT Supervisor is running as root.  Privileges were not dropped because no user is specified in the config file.  If you intend to run as root, you can set user=root in the config file to avoid this message.
2025-10-30 07:19:02,001 INFO supervisord started with pid 1
2025-10-30 07:19:03,003 INFO spawned: 'flask_app' with pid 8
2025-10-30 07:19:03,004 INFO spawned: 'tracker' with pid 9
2025-10-30 07:19:04,221 INFO success: flask_app entered RUNNING state, process has stayed up for > than 1 seconds (startsecs)
2025-10-30 07:19:04,221 INFO success: tracker entered RUNNING state, process has stayed up for > than 1 seconds (startsecs)
2025-10-30 08:54:02,812 WARN received SIGTERM indicating exit request
2025-10-30 08:54:02,817 INFO waiting for flask_app, tracker to die
2025-10-30 08:54:02,819 WARN stopped: tracker (terminated by SIGTERM)
2025-10-30 08:54:02,824 WARN stopped: flask_app (terminated by SIGTERM)
2025-10-30 08:54:04,193 CRIT Supervisor is running as root.  Privileges were not dropped because no user is specified in the config file.  If you intend to run as root, you can set user=root in the config file to avoid this message.
2025-10-30 08:54:04,195 INFO supervisord started with pid 1
2025-10-30 08:54:05,199 INFO spawned: 'flask_app' with pid 7
2025-10-30 08:54:05,203 INFO spawned: 'tracker' with pid 8
2025-10-30 08:54:06,376 INFO success: flask_app entered RUNNING state, process has stayed up for > than 1 seconds (startsecs)
2025-10-30 08:54:06,376 INFO success: tracker entered RUNNING state, process has stayed up for > than 1 seconds (startsecs)
2025-11-14 09:33:01,580 CRIT Supervisor is running as root.  Privileges were not dropped because no user is specified in the config file.  If you intend to run as root, you can set user=root in the config file to avoid this message.
2025-11-14 09:33:01,582 INFO supervisord started with pid 1
2025-11-14 09:33:02,586 INFO spawned: 'flask_app' with pid 6
2025-11-14 09:33:02,589 INFO spawned: 'tracker' with pid 7
2025-11-14 09:33:03,736 INFO success: flask_app entered RUNNING state, process has stayed up for > than 1 seconds (startsecs)
2025-11-14 09:33:03,736 INFO success: tracker entered RUNNING state, process has stayed up for > than 1 seconds (startsecs)
2025-11-17 07:33:13,514 CRIT Supervisor is running as root.  Privileges were not dropped because no user is specified in the config file.  If you intend to run as root, you can set user=root in the config file to avoid this message.
2025-11-17 07:33:13,516 INFO supervisord started with pid 1
2025-11-17 07:33:14,518 INFO spawned: 'flask_app' with pid 7
2025-11-17 07:33:14,518 INFO spawned: 'tracker' with pid 8
2025-11-17 07:33:15,745 INFO success: flask_app entered RUNNING state, process has stayed up for > than 1 seconds (startsecs)
2025-11-17 07:33:15,745 INFO success: tracker entered RUNNING state, process has stayed up for > than 1 seconds (startsecs)
2025-11-17 07:35:36,695 CRIT Supervisor is running as root.  Privileges were not dropped because no user is specified in the config file.  If you intend to run as root, you can set user=root in the config file to avoid this message.
2025-11-17 07:35:36,697 INFO supervisord started with pid 1
2025-11-17 07:35:37,699 INFO spawned: 'flask_app' with pid 7
2025-11-17 07:35:37,700 INFO spawned: 'tracker' with pid 8
2025-11-17 07:35:38,934 INFO success: flask_app entered RUNNING state, process has stayed up for > than 1 seconds (startsecs)
2025-11-17 07:35:38,934 INFO success: tracker entered RUNNING state, process has stayed up for > than 1 seconds (startsecs)
2025-11-17 07:35:39,935 WARN received SIGTERM indicating exit request
2025-11-17 07:35:39,935 INFO waiting for flask_app, tracker to die
2025-11-17 07:35:39,936 WARN stopped: tracker (terminated by SIGTERM)
2025-11-17 07:35:40,939 WARN stopped: flask_app (terminated by SIGTERM)
2025-11-17 07:37:24,103 CRIT Supervisor is running as root.  Privileges were not dropped because no user is specified in the config file.  If you intend to run as root, you can set user=root in the config file to avoid this message.
2025-11-17 07:37:24,105 INFO supervisord started with pid 1
2025-11-17 07:37:25,107 INFO spawned: 'flask_app' with pid 7
2025-11-17 07:37:25,108 INFO spawned: 'tracker' with pid 8
2025-11-17 07:37:26,334 INFO success: flask_app entered RUNNING state, process has stayed up for > than 1 seconds (startsecs)
2025-11-17 07:37:26,334 INFO success: tracker entered RUNNING state, process has stayed up for > than 1 seconds (startsecs)
2025-11-17 07:58:50,043 CRIT Supervisor is running as root.  Privileges were not dropped because no user is specified in the config file.  If you intend to run as root, you can set user=root in the config file to avoid this message.
2025-11-17 07:58:50,045 INFO supervisord started with pid 1
2025-11-17 07:58:51,047 INFO spawned: 'flask_app' with pid 7
2025-11-17 07:58:51,048 INFO spawned: 'tracker' with pid 8
2025-11-17 07:58:52,279 INFO success: flask_app entered RUNNING state, process has stayed up for > than 1 seconds (startsecs)
2025-11-17 07:58:52,280 INFO success: tracker entered RUNNING state, process has stayed up for > than 1 seconds (startsecs)
2025-11-17 08:00:18,114 WARN received SIGTERM indicating exit request
2025-11-17 08:00:18,114 INFO waiting for flask_app, tracker to die
2025-11-17 08:00:18,115 WARN stopped: tracker (terminated by SIGTERM)
2025-11-17 08:00:18,119 WARN stopped: flask_app (terminated by SIGTERM)
2025-11-17 08:00:57,682 CRIT Supervisor is running as root.  Privileges were not dropped because no user is specified in the config file.  If you intend to run as root, you can set user=root in the config file to avoid this message.
2025-11-17 08:00:57,684 INFO supervisord started with pid 1
2025-11-17 08:00:58,686 INFO spawned: 'flask_app' with pid 7
2025-11-17 08:00:58,687 INFO spawned: 'tracker' with pid 8
2025-11-17 08:00:59,920 INFO success: flask_app entered RUNNING state, process has stayed up for > than 1 seconds (startsecs)
2025-11-17 08:00:59,920 INFO success: tracker entered RUNNING state, process has stayed up for > than 1 seconds (startsecs)
2025-11-17 08:01:00,921 WARN received SIGTERM indicating exit request
2025-11-17 08:01:00,922 INFO waiting for flask_app, tracker to die
2025-11-17 08:01:00,922 WARN stopped: tracker (terminated by SIGTERM)
2025-11-17 08:01:00,924 WARN stopped: flask_app (terminated by SIGTERM)
2025-11-17 08:04:03,355 CRIT Supervisor is running as root.  Privileges were not dropped because no user is specified in the config file.  If you intend to run as root, you can set user=root in the config file to avoid this message.
2025-11-17 08:04:03,357 INFO supervisord started with pid 1
2025-11-17 08:04:04,358 INFO spawned: 'flask_app' with pid 7
2025-11-17 08:04:04,359 INFO spawned: 'tracker' with pid 8
2025-11-17 08:04:05,579 INFO success: flask_app entered RUNNING state, process has stayed up for > than 1 seconds (startsecs)
2025-11-17 08:04:05,579 INFO success: tracker entered RUNNING state, process has stayed up for > than 1 seconds (startsecs)
2025-12-01 06:01:13,446 CRIT Supervisor is running as root.  Privileges were not dropped because no user is specified in the config file.  If you intend to run as root, you can set user=root in the config file to avoid this message.
2025-12-01 06:01:13,448 INFO supervisord started with pid 1
2025-12-01 06:01:14,450 INFO spawned: 'flask_app' with pid 7
2025-12-01 06:01:14,451 INFO spawned: 'tracker' with pid 8
2025-12-01 06:01:15,688 INFO success: flask_app entered RUNNING state, process has stayed up for > than 1 seconds (startsecs)
2025-12-01 06:01:15,688 INFO success: tracker entered RUNNING state, process has stayed up for > than 1 seconds (startsecs)
2025-12-01 08:09:05,544 CRIT Supervisor is running as root.  Privileges were not dropped because no user is specified in the config file.  If you intend to run as root, you can set user=root in the config file to avoid this message.
2025-12-01 08:09:05,546 INFO supervisord started with pid 1
2025-12-01 08:09:06,548 INFO spawned: 'flask_app' with pid 7
2025-12-01 08:09:06,549 INFO spawned: 'tracker' with pid 8
2025-12-01 08:09:07,790 INFO success: flask_app entered RUNNING state, process has stayed up for > than 1 seconds (startsecs)
2025-12-01 08:09:07,790 INFO success: tracker entered RUNNING state, process has stayed up for > than 1 seconds (startsecs)
2025-12-01 14:42:51,703 CRIT Supervisor is running as root.  Privileges were not dropped because no user is specified in the config file.  If you intend to run as root, you can set user=root in the config file to avoid this message.
2025-12-01 14:42:51,705 INFO supervisord started with pid 1
2025-12-01 14:42:52,707 INFO spawned: 'flask_app' with pid 7
2025-12-01 14:42:52,708 INFO spawned: 'tracker' with pid 8
2025-12-01 14:42:53,941 INFO success: flask_app entered RUNNING state, process has stayed up for > than 1 seconds (startsecs)
2025-12-01 14:42:53,942 INFO success: tracker entered RUNNING state, process has stayed up for > than 1 seconds (startsecs)
2025-12-01 14:44:27,585 CRIT Supervisor is running as root.  Privileges were not dropped because no user is specified in the config file.  If you intend to run as root, you can set user=root in the config file to avoid this message.
2025-12-01 14:44:27,587 INFO supervisord started with pid 1
2025-12-01 14:44:28,589 INFO spawned: 'flask_app' with pid 7
2025-12-01 14:44:28,590 INFO spawned: 'tracker' with pid 8
2025-12-01 14:44:29,818 INFO success: flask_app entered RUNNING state, process has stayed up for > than 1 seconds (startsecs)
2025-12-01 14:44:29,818 INFO success: tracker entered RUNNING state, process has stayed up for > than 1 seconds (startsecs)
2025-12-01 14:51:07,703 WARN received SIGTERM indicating exit request
2025-12-01 14:51:07,704 INFO waiting for flask_app, tracker to die
2025-12-01 14:51:07,706 WARN stopped: tracker (terminated by SIGTERM)
2025-12-01 14:51:07,711 WARN stopped: flask_app (terminated by SIGTERM)
2025-12-01 14:51:08,616 CRIT Supervisor is running as root.  Privileges were not dropped because no user is specified in the config file.  If you intend to run as root, you can set user=root in the config file to avoid this message.
2025-12-01 14:51:08,617 INFO supervisord started with pid 1
2025-12-01 14:51:09,621 INFO spawned: 'flask_app' with pid 6
2025-12-01 14:51:09,623 INFO spawned: 'tracker' with pid 7
2025-12-01 14:51:10,736 INFO success: flask_app entered RUNNING state, process has stayed up for > than 1 seconds (startsecs)
2025-12-01 14:51:10,736 INFO success: tracker entered RUNNING state, process has stayed up for > than 1 seconds (startsecs)
2025-12-02 06:44:27,454 CRIT Supervisor is running as root.  Privileges were not dropped because no user is specified in the config file.  If you intend to run as root, you can set user=root in the config file to avoid this message.
2025-12-02 06:44:27,457 INFO supervisord started with pid 1
2025-12-02 06:44:28,459 INFO spawned: 'flask_app' with pid 6
2025-12-02 06:44:28,460 INFO spawned: 'tracker' with pid 7
2025-12-02 06:44:29,700 INFO success: flask_app entered RUNNING state, process has stayed up for > than 1 seconds (startsecs)
2025-12-02 06:44:29,700 INFO success: tracker entered RUNNING state, process has stayed up for > than 1 seconds (startsecs)
2025-12-08 09:07:52,034 CRIT Supervisor is running as root.  Privileges were not dropped because no user is specified in the config file.  If you intend to run as root, you can set user=root in the config file to avoid this message.
2025-12-08 09:07:52,036 INFO supervisord started with pid 1
2025-12-08 09:07:53,038 INFO spawned: 'flask_app' with pid 6
2025-12-08 09:07:53,038 INFO spawned: 'tracker' with pid 7
2025-12-08 09:07:54,316 INFO success: flask_app entered RUNNING state, process has stayed up for > than 1 seconds (startsecs)
2025-12-08 09:07:54,316 INFO success: tracker entered RUNNING state, process has stayed up for > than 1 seconds (startsecs)
2025-12-08 09:11:17,557 CRIT Supervisor is running as root.  Privileges were not dropped because no user is specified in the config file.  If you intend to run as root, you can set user=root in the config file to avoid this message.
2025-12-08 09:11:17,559 INFO supervisord started with pid 1
2025-12-08 09:11:18,560 INFO spawned: 'flask_app' with pid 7
2025-12-08 09:11:18,561 INFO spawned: 'tracker' with pid 8
2025-12-08 09:11:19,805 INFO success: flask_app entered RUNNING state, process has stayed up for > than 1 seconds (startsecs)
2025-12-08 09:11:19,805 INFO success: tracker entered RUNNING state, process has stayed up for > than 1 seconds (startsecs)
2025-12-08 11:17:52,273 WARN received SIGTERM indicating exit request
2025-12-08 11:17:52,273 INFO waiting for flask_app, tracker to die
2025-12-08 11:17:52,274 WARN stopped: tracker (terminated by SIGTERM)
2025-12-08 11:17:52,277 WARN stopped: flask_app (terminated by SIGTERM)
2025-12-08 11:19:53,642 CRIT Supervisor is running as root.  Privileges were not dropped because no user is specified in the config file.  If you intend to run as root, you can set user=root in the config file to avoid this message.
2025-12-08 11:19:53,646 INFO supervisord started with pid 1
2025-12-08 11:19:54,648 INFO spawned: 'flask_app' with pid 6
2025-12-08 11:19:54,649 INFO spawned: 'tracker' with pid 7
2025-12-08 11:19:55,884 INFO success: flask_app entered RUNNING state, process has stayed up for > than 1 seconds (startsecs)
2025-12-08 11:19:55,884 INFO success: tracker entered RUNNING state, process has stayed up for > than 1 seconds (startsecs)
2025-12-08 11:21:28,499 CRIT Supervisor is running as root.  Privileges were not dropped because no user is specified in the config file.  If you intend to run as root, you can set user=root in the config file to avoid this message.
2025-12-08 11:21:28,501 INFO supervisord started with pid 1
2025-12-08 11:21:29,502 INFO spawned: 'flask_app' with pid 6
2025-12-08 11:21:29,503 INFO spawned: 'tracker' with pid 7
2025-12-08 11:21:30,755 INFO success: flask_app entered RUNNING state, process has stayed up for > than 1 seconds (startsecs)
2025-12-08 11:21:30,755 INFO success: tracker entered RUNNING state, process has stayed up for > than 1 seconds (startsecs)
2025-12-08 13:33:05,457 CRIT Supervisor is running as root.  Privileges were not dropped because no user is specified in the config file.  If you intend to run as root, you can set user=root in the config file to avoid this message.
2025-12-08 13:33:05,460 INFO supervisord started with pid 1
2025-12-08 13:33:06,462 INFO spawned: 'flask_app' with pid 6
2025-12-08 13:33:06,463 INFO spawned: 'tracker' with pid 7
2025-12-08 13:33:07,712 INFO success: flask_app entered RUNNING state, process has stayed up for > than 1 seconds (startsecs)
2025-12-08 13:33:07,712 INFO success: tracker entered RUNNING state, process has stayed up for > than 1 seconds (startsecs)
2025-12-08 13:45:39,276 CRIT Supervisor is running as root.  Privileges were not dropped because no user is specified in the config file.  If you intend to run as root, you can set user=root in the config file to avoid this message.
2025-12-08 13:45:39,278 INFO supervisord started with pid 1
2025-12-08 13:45:40,279 INFO spawned: 'flask_app' with pid 7
2025-12-08 13:45:40,280 INFO spawned: 'tracker' with pid 8
2025-12-08 13:45:41,507 INFO success: flask_app entered RUNNING state, process has stayed up for > than 1 seconds (startsecs)
2025-12-08 13:45:41,507 INFO success: tracker entered RUNNING state, process has stayed up for > than 1 seconds (startsecs)
2025-12-09 05:51:25,764 CRIT Supervisor is running as root.  Privileges were not dropped because no user is specified in the config file.  If you intend to run as root, you can set user=root in the config file to avoid this message.
2025-12-09 05:51:25,766 INFO supervisord started with pid 1
2025-12-09 05:51:26,768 INFO spawned: 'flask_app' with pid 6
2025-12-09 05:51:26,769 INFO spawned: 'tracker' with pid 7
2025-12-09 05:51:28,005 INFO success: flask_app entered RUNNING state, process has stayed up for > than 1 seconds (startsecs)
2025-12-09 05:51:28,005 INFO success: tracker entered RUNNING state, process has stayed up for > than 1 seconds (startsecs)
2025-12-12 06:05:05,961 CRIT Supervisor is running as root.  Privileges were not dropped because no user is specified in the config file.  If you intend to run as root, you can set user=root in the config file to avoid this message.
2025-12-12 06:05:05,963 INFO supervisord started with pid 1
2025-12-12 06:05:06,965 INFO spawned: 'flask_app' with pid 7
2025-12-12 06:05:06,966 INFO spawned: 'tracker' with pid 8
2025-12-12 06:05:08,197 INFO success: flask_app entered RUNNING state, process has stayed up for > than 1 seconds (startsecs)
2025-12-12 06:05:08,197 INFO success: tracker entered RUNNING state, process has stayed up for > than 1 seconds (startsecs)
2025-12-18 10:41:11,853 CRIT Supervisor is running as root.  Privileges were not dropped because no user is specified in the config file.  If you intend to run as root, you can set user=root in the config file to avoid this message.
2025-12-18 10:41:11,855 INFO supervisord started with pid 1
2025-12-18 10:41:12,857 INFO spawned: 'flask_app' with pid 7
2025-12-18 10:41:12,858 INFO spawned: 'tracker' with pid 8
2025-12-18 10:41:14,076 INFO success: flask_app entered RUNNING state, process has stayed up for > than 1 seconds (startsecs)
2025-12-18 10:41:14,076 INFO success: tracker entered RUNNING state, process has stayed up for > than 1 seconds (startsecs)
2025-12-18 10:51:00,954 CRIT Supervisor is running as root.  Privileges were not dropped because no user is specified in the config file.  If you intend to run as root, you can set user=root in the config file to avoid this message.
2025-12-18 10:51:00,957 INFO supervisord started with pid 1
2025-12-18 10:51:01,958 INFO spawned: 'flask_app' with pid 7
2025-12-18 10:51:01,959 INFO spawned: 'tracker' with pid 8
2025-12-18 10:51:03,189 INFO success: flask_app entered RUNNING state, process has stayed up for > than 1 seconds (startsecs)
2025-12-18 10:51:03,189 INFO success: tracker entered RUNNING state, process has stayed up for > than 1 seconds (startsecs)
2025-12-18 11:35:19,115 CRIT Supervisor is running as root.  Privileges were not dropped because no user is specified in the config file.  If you intend to run as root, you can set user=root in the config file to avoid this message.
2025-12-18 11:35:19,117 INFO supervisord started with pid 1
2025-12-18 11:35:20,119 INFO spawned: 'flask_app' with pid 7
2025-12-18 11:35:20,120 INFO spawned: 'tracker' with pid 8
2025-12-18 11:35:21,309 INFO success: flask_app entered RUNNING state, process has stayed up for > than 1 seconds (startsecs)
2025-12-18 11:35:21,309 INFO success: tracker entered RUNNING state, process has stayed up for > than 1 seconds (startsecs)
2025-12-18 11:56:03,107 CRIT Supervisor is running as root.  Privileges were not dropped because no user is specified in the config file.  If you intend to run as root, you can set user=root in the config file to avoid this message.
2025-12-18 11:56:03,109 INFO supervisord started with pid 1
2025-12-18 11:56:04,110 INFO spawned: 'flask_app' with pid 6
2025-12-18 11:56:04,111 INFO spawned: 'tracker' with pid 7
2025-12-18 11:56:05,296 INFO success: flask_app entered RUNNING state, process has stayed up for > than 1 seconds (startsecs)
2025-12-18 11:56:05,296 INFO success: tracker entered RUNNING state, process has stayed up for > than 1 seconds (startsecs)
2025-12-18 12:08:43,512 CRIT Supervisor is running as root.  Privileges were not dropped because no user is specified in the config file.  If you intend to run as root, you can set user=root in the config file to avoid this message.
2025-12-18 12:08:43,515 INFO supervisord started with pid 1
2025-12-18 12:08:44,517 INFO spawned: 'flask_app' with pid 7
2025-12-18 12:08:44,518 INFO spawned: 'tracker' with pid 8
2025-12-18 12:08:45,750 INFO success: flask_app entered RUNNING state, process has stayed up for > than 1 seconds (startsecs)
2025-12-18 12:08:45,750 INFO success: tracker entered RUNNING state, process has stayed up for > than 1 seconds (startsecs)
2025-12-18 12:14:43,003 CRIT Supervisor is running as root.  Privileges were not dropped because no user is specified in the config file.  If you intend to run as root, you can set user=root in the config file to avoid this message.
2025-12-18 12:14:43,015 INFO supervisord started with pid 1
2025-12-18 12:14:44,017 INFO spawned: 'flask_app' with pid 6
2025-12-18 12:14:44,018 INFO spawned: 'tracker' with pid 7
2025-12-18 12:14:45,253 INFO success: flask_app entered RUNNING state, process has stayed up for > than 1 seconds (startsecs)
2025-12-18 12:14:45,253 INFO success: tracker entered RUNNING state, process has stayed up for > than 1 seconds (startsecs)
2025-12-18 12:53:23,452 CRIT Supervisor is running as root.  Privileges were not dropped because no user is specified in the config file.  If you intend to run as root, you can set user=root in the config file to avoid this message.
2025-12-18 12:53:23,454 INFO supervisord started with pid 1
2025-12-18 12:53:24,456 INFO spawned: 'flask_app' with pid 6
2025-12-18 12:53:24,457 INFO spawned: 'tracker' with pid 7
2025-12-18 12:53:25,700 INFO success: flask_app entered RUNNING state, process has stayed up for > than 1 seconds (startsecs)
2025-12-18 12:53:25,700 INFO success: tracker entered RUNNING state, process has stayed up for > than 1 seconds (startsecs)
2025-12-18 13:41:09,892 CRIT Supervisor is running as root.  Privileges were not dropped because no user is specified in the config file.  If you intend to run as root, you can set user=root in the config file to avoid this message.
2025-12-18 13:41:09,894 INFO supervisord started with pid 1
2025-12-18 13:41:10,896 INFO spawned: 'flask_app' with pid 7
2025-12-18 13:41:10,897 INFO spawned: 'tracker' with pid 8
2025-12-18 13:41:12,127 INFO success: flask_app entered RUNNING state, process has stayed up for > than 1 seconds (startsecs)
2025-12-18 13:41:12,127 INFO success: tracker entered RUNNING state, process has stayed up for > than 1 seconds (startsecs)
2025-12-24 14:50:55,371 CRIT Supervisor is running as root.  Privileges were not dropped because no user is specified in the config file.  If you intend to run as root, you can set user=root in the config file to avoid this message.
2025-12-24 14:50:55,374 INFO supervisord started with pid 1
2025-12-24 14:50:56,376 INFO spawned: 'flask_app' with pid 7
2025-12-24 14:50:56,377 INFO spawned: 'tracker' with pid 8
2025-12-24 14:50:57,606 INFO success: flask_app entered RUNNING state, process has stayed up for > than 1 seconds (startsecs)
2025-12-24 14:50:57,606 INFO success: tracker entered RUNNING state, process has stayed up for > than 1 seconds (startsecs)
2026-01-12 05:44:42,946 CRIT Supervisor is running as root.  Privileges were not dropped because no user is specified in the config file.  If you intend to run as root, you can set user=root in the config file to avoid this message.
2026-01-12 05:44:42,949 INFO supervisord started with pid 1
2026-01-12 05:44:43,951 INFO spawned: 'flask_app' with pid 7
2026-01-12 05:44:43,952 INFO spawned: 'tracker' with pid 8
2026-01-12 05:44:45,199 INFO success: flask_app entered RUNNING state, process has stayed up for > than 1 seconds (startsecs)
2026-01-12 05:44:45,199 INFO success: tracker entered RUNNING state, process has stayed up for > than 1 seconds (startsecs)
2026-01-15 15:25:58,910 INFO reaped unknown pid 42339 (terminated by SIGHUP)
2026-01-16 15:31:11,195 INFO reaped unknown pid 77502 (terminated by SIGHUP)
2026-01-27 12:35:38,462 CRIT Supervisor is running as root.  Privileges were not dropped because no user is specified in the config file.  If you intend to run as root, you can set user=root in the config file to avoid this message.
2026-01-27 12:35:38,464 INFO supervisord started with pid 1
2026-01-27 12:35:39,466 INFO spawned: 'flask_app' with pid 7
2026-01-27 12:35:39,467 INFO spawned: 'tracker' with pid 8
2026-01-27 12:35:40,681 INFO success: flask_app entered RUNNING state, process has stayed up for > than 1 seconds (startsecs)
2026-01-27 12:35:40,681 INFO success: tracker entered RUNNING state, process has stayed up for > than 1 seconds (startsecs)
2026-02-23 10:34:24,250 INFO reaped unknown pid 18181 (exit status 101)
2026-02-23 10:34:24,251 INFO reaped unknown pid 30506 (exit status 0)
2026-02-23 10:34:25,253 INFO reaped unknown pid 18871 (exit status 1)
2026-02-23 10:34:25,253 INFO reaped unknown pid 19683 (terminated by SIGTERM)
2026-02-23 11:48:46,524 INFO reaped unknown pid 31104 (exit status 101)
2026-02-23 18:00:23,785 INFO reaped unknown pid 84491 (exit status 101)
2026-02-23 18:00:23,787 INFO reaped unknown pid 86736 (terminated by SIGTERM)
2026-02-23 18:00:23,787 INFO reaped unknown pid 238130 (exit status 0)
2026-03-04 13:48:37,545 INFO reaped unknown pid 238651 (exit status 101)
2026-03-04 13:48:37,548 INFO reaped unknown pid 239362 (terminated by SIGTERM)
2026-03-04 13:48:37,548 INFO reaped unknown pid 434932 (exit status 0)
2026-03-05 10:23:46,226 WARN received SIGTERM indicating exit request
2026-03-05 10:23:46,239 INFO waiting for flask_app, tracker to die
2026-03-05 10:23:46,246 WARN stopped: tracker (terminated by SIGTERM)
2026-03-05 10:23:46,249 WARN stopped: flask_app (terminated by SIGTERM)
2026-03-05 10:24:35,706 CRIT Supervisor is running as root.  Privileges were not dropped because no user is specified in the config file.  If you intend to run as root, you can set user=root in the config file to avoid this message.
2026-03-05 10:24:35,708 INFO supervisord started with pid 1
2026-03-05 10:24:36,709 INFO spawned: 'flask_app' with pid 7
2026-03-05 10:24:36,710 INFO spawned: 'tracker' with pid 8
2026-03-05 10:24:37,949 INFO success: flask_app entered RUNNING state, process has stayed up for > than 1 seconds (startsecs)
2026-03-05 10:24:37,949 INFO success: tracker entered RUNNING state, process has stayed up for > than 1 seconds (startsecs)
2026-03-25 10:58:33,212 WARN received SIGTERM indicating exit request
2026-03-25 10:58:33,217 INFO waiting for flask_app, tracker to die
2026-03-25 10:58:33,218 WARN stopped: tracker (terminated by SIGTERM)
2026-03-25 10:58:33,221 WARN stopped: flask_app (terminated by SIGTERM)
2026-03-25 10:58:36,764 CRIT Supervisor is running as root.  Privileges were not dropped because no user is specified in the config file.  If you intend to run as root, you can set user=root in the config file to avoid this message.
2026-03-25 10:58:36,765 INFO supervisord started with pid 1
2026-03-25 10:58:37,770 INFO spawned: 'flask_app' with pid 27
2026-03-25 10:58:37,774 INFO spawned: 'tracker' with pid 28
2026-03-25 10:58:37,801 INFO exited: flask_app (exit status 1; not expected)
2026-03-25 10:58:38,846 INFO spawned: 'flask_app' with pid 29
2026-03-25 10:58:38,847 INFO success: tracker entered RUNNING state, process has stayed up for > than 1 seconds (startsecs)
2026-03-25 10:58:38,858 INFO exited: flask_app (exit status 1; not expected)
2026-03-25 10:58:40,864 INFO spawned: 'flask_app' with pid 30
2026-03-25 10:58:40,913 INFO exited: flask_app (exit status 1; not expected)
2026-03-25 10:58:43,921 INFO spawned: 'flask_app' with pid 39
2026-03-25 10:58:43,968 INFO exited: flask_app (exit status 1; not expected)
2026-03-25 10:58:44,970 INFO gave up: flask_app entered FATAL state, too many start retries too quickly
2026-03-29 10:09:17,692 CRIT Supervisor is running as root.  Privileges were not dropped because no user is specified in the config file.  If you intend to run as root, you can set user=root in the config file to avoid this message.
2026-03-29 10:09:17,693 INFO supervisord started with pid 1
2026-03-29 10:09:18,696 INFO spawned: 'flask_app' with pid 26
2026-03-29 10:09:18,697 INFO spawned: 'tracker' with pid 27
2026-03-29 10:09:18,712 INFO exited: flask_app (exit status 1; not expected)
2026-03-29 10:09:19,734 INFO spawned: 'flask_app' with pid 28
2026-03-29 10:09:19,734 INFO success: tracker entered RUNNING state, process has stayed up for > than 1 seconds (startsecs)
2026-03-29 10:09:19,746 INFO exited: flask_app (exit status 1; not expected)
2026-03-29 10:09:21,749 INFO spawned: 'flask_app' with pid 29
2026-03-29 10:09:21,760 INFO exited: flask_app (exit status 1; not expected)
2026-03-29 10:09:24,764 INFO spawned: 'flask_app' with pid 30
2026-03-29 10:09:24,775 INFO exited: flask_app (exit status 1; not expected)
2026-03-29 10:09:25,776 INFO gave up: flask_app entered FATAL state, too many start retries too quickly
2026-03-30 10:22:12,939 CRIT Supervisor is running as root.  Privileges were not dropped because no user is specified in the config file.  If you intend to run as root, you can set user=root in the config file to avoid this message.
2026-03-30 10:22:12,941 INFO supervisord started with pid 1
2026-03-30 10:22:13,943 INFO spawned: 'flask_app' with pid 27
2026-03-30 10:22:13,944 INFO spawned: 'tracker' with pid 28
2026-03-30 10:22:13,962 INFO exited: flask_app (exit status 1; not expected)
2026-03-30 10:22:14,487 INFO spawned: 'flask_app' with pid 29
2026-03-30 10:22:14,487 INFO success: tracker entered RUNNING state, process has stayed up for > than 1 seconds (startsecs)
2026-03-30 10:22:14,509 INFO exited: flask_app (exit status 1; not expected)
2026-03-30 10:22:16,514 INFO spawned: 'flask_app' with pid 30
2026-03-30 10:22:16,528 INFO exited: flask_app (exit status 1; not expected)
2026-03-30 10:22:19,533 INFO spawned: 'flask_app' with pid 31
2026-03-30 10:22:19,544 INFO exited: flask_app (exit status 1; not expected)
2026-03-30 10:22:20,545 INFO gave up: flask_app entered FATAL state, too many start retries too quickly
2026-04-08 12:10:48,348 WARN received SIGTERM indicating exit request
2026-04-08 12:10:48,351 INFO waiting for tracker to die
2026-04-08 12:10:48,352 INFO stopped: tracker (terminated by SIGTERM)
2026-04-08 12:11:01,401 CRIT Supervisor is running as root.  Privileges were not dropped because no user is specified in the config file.  If you intend to run as root, you can set user=root in the config file to avoid this message.
2026-04-08 12:11:01,403 INFO supervisord started with pid 1
2026-04-08 12:11:02,405 INFO spawned: 'flask_app' with pid 26
2026-04-08 12:11:02,407 INFO spawned: 'tracker' with pid 27
2026-04-08 12:11:02,437 INFO exited: flask_app (exit status 1; not expected)
2026-04-08 12:11:03,458 INFO spawned: 'flask_app' with pid 28
2026-04-08 12:11:03,458 INFO success: tracker entered RUNNING state, process has stayed up for > than 1 seconds (startsecs)
2026-04-08 12:11:03,478 INFO exited: flask_app (exit status 1; not expected)
2026-04-08 12:11:05,482 INFO spawned: 'flask_app' with pid 29
2026-04-08 12:11:05,503 INFO exited: flask_app (exit status 1; not expected)
2026-04-08 12:11:08,508 INFO spawned: 'flask_app' with pid 30
2026-04-08 12:11:08,519 INFO exited: flask_app (exit status 1; not expected)
2026-04-08 12:11:09,520 INFO gave up: flask_app entered FATAL state, too many start retries too quickly
2026-04-20 05:51:56,365 WARN received SIGTERM indicating exit request
2026-04-20 05:51:56,367 INFO waiting for tracker to die
2026-04-20 05:51:56,368 INFO stopped: tracker (terminated by SIGTERM)
2026-04-20 05:52:10,571 CRIT Supervisor is running as root.  Privileges were not dropped because no user is specified in the config file.  If you intend to run as root, you can set user=root in the config file to avoid this message.
2026-04-20 05:52:10,577 INFO supervisord started with pid 1
2026-04-20 05:52:11,579 INFO spawned: 'flask_app' with pid 27
2026-04-20 05:52:11,581 INFO spawned: 'tracker' with pid 28
2026-04-20 05:52:11,596 INFO exited: flask_app (exit status 1; not expected)
2026-04-20 05:52:12,620 INFO spawned: 'flask_app' with pid 29
2026-04-20 05:52:12,620 INFO success: tracker entered RUNNING state, process has stayed up for > than 1 seconds (startsecs)
2026-04-20 05:52:12,637 INFO exited: flask_app (exit status 1; not expected)
2026-04-20 05:52:14,640 INFO spawned: 'flask_app' with pid 30
2026-04-20 05:52:14,652 INFO exited: flask_app (exit status 1; not expected)
2026-04-20 05:52:17,658 INFO spawned: 'flask_app' with pid 31
2026-04-20 05:52:17,673 INFO exited: flask_app (exit status 1; not expected)
2026-04-20 05:52:18,674 INFO gave up: flask_app entered FATAL state, too many start retries too quickly
2026-05-24 14:53:20,602 CRIT Supervisor is running as root.  Privileges were not dropped because no user is specified in the config file.  If you intend to run as root, you can set user=root in the config file to avoid this message.
2026-05-24 14:53:20,605 INFO supervisord started with pid 1
2026-05-24 14:53:21,607 INFO spawned: 'flask_app' with pid 27
2026-05-24 14:53:21,609 INFO spawned: 'tracker' with pid 28
2026-05-24 14:53:21,624 INFO exited: flask_app (exit status 1; not expected)
2026-05-24 14:53:22,647 INFO spawned: 'flask_app' with pid 29
2026-05-24 14:53:22,648 INFO success: tracker entered RUNNING state, process has stayed up for > than 1 seconds (startsecs)
2026-05-24 14:53:22,665 INFO exited: flask_app (exit status 1; not expected)
2026-05-24 14:53:24,671 INFO spawned: 'flask_app' with pid 30
2026-05-24 14:53:24,685 INFO exited: flask_app (exit status 1; not expected)
2026-05-24 14:53:27,692 INFO spawned: 'flask_app' with pid 31
2026-05-24 14:53:27,706 INFO exited: flask_app (exit status 1; not expected)
2026-05-24 14:53:28,707 INFO gave up: flask_app entered FATAL state, too many start retries too quickly
2026-07-21 06:03:00,534 WARN received SIGTERM indicating exit request
2026-07-21 06:03:00,542 INFO waiting for tracker to die
2026-07-21 06:03:00,545 INFO stopped: tracker (terminated by SIGTERM)
2026-07-21 06:03:48,341 CRIT Supervisor is running as root.  Privileges were not dropped because no user is specified in the config file.  If you intend to run as root, you can set user=root in the config file to avoid this message.
2026-07-21 06:03:48,344 INFO supervisord started with pid 1
2026-07-21 06:03:49,346 INFO spawned: 'flask_app' with pid 27
2026-07-21 06:03:49,347 INFO spawned: 'tracker' with pid 28
2026-07-21 06:03:49,375 INFO exited: flask_app (exit status 1; not expected)
2026-07-21 06:03:50,401 INFO spawned: 'flask_app' with pid 29
2026-07-21 06:03:50,401 INFO success: tracker entered RUNNING state, process has stayed up for > than 1 seconds (startsecs)
2026-07-21 06:03:50,416 INFO exited: flask_app (exit status 1; not expected)
2026-07-21 06:03:52,420 INFO spawned: 'flask_app' with pid 30
2026-07-21 06:03:53,443 INFO success: flask_app entered RUNNING state, process has stayed up for > than 1 seconds (startsecs)
2026-07-21 06:03:53,443 INFO exited: flask_app (exit status 1; not expected)
2026-07-21 06:03:54,448 INFO spawned: 'flask_app' with pid 31
2026-07-21 06:03:54,462 INFO exited: flask_app (exit status 1; not expected)
2026-07-21 06:03:55,465 INFO spawned: 'flask_app' with pid 32
2026-07-21 06:03:55,480 INFO exited: flask_app (exit status 1; not expected)
2026-07-21 06:03:57,486 INFO spawned: 'flask_app' with pid 33
2026-07-21 06:03:57,500 INFO exited: flask_app (exit status 1; not expected)
2026-07-21 06:04:01,409 INFO spawned: 'flask_app' with pid 34
2026-07-21 06:04:01,422 INFO exited: flask_app (exit status 1; not expected)
2026-07-21 06:04:02,423 INFO gave up: flask_app entered FATAL state, too many start retries too quickly
2026-07-21 06:13:48,077 WARN received SIGTERM indicating exit request
2026-07-21 06:13:48,078 INFO waiting for tracker to die
2026-07-21 06:13:48,078 INFO stopped: tracker (terminated by SIGTERM)
2026-07-21 06:14:36,206 CRIT Supervisor is running as root.  Privileges were not dropped because no user is specified in the config file.  If you intend to run as root, you can set user=root in the config file to avoid this message.
2026-07-21 06:14:36,209 INFO supervisord started with pid 1
2026-07-21 06:14:37,210 INFO spawned: 'flask_app' with pid 27
2026-07-21 06:14:37,212 INFO spawned: 'tracker' with pid 28
2026-07-21 06:14:37,227 INFO exited: flask_app (exit status 1; not expected)
2026-07-21 06:14:38,249 INFO spawned: 'flask_app' with pid 29
2026-07-21 06:14:38,250 INFO success: tracker entered RUNNING state, process has stayed up for > than 1 seconds (startsecs)
2026-07-21 06:14:38,267 INFO exited: flask_app (exit status 1; not expected)
2026-07-21 06:14:40,273 INFO spawned: 'flask_app' with pid 30
2026-07-21 06:14:40,318 INFO exited: flask_app (exit status 1; not expected)
2026-07-21 06:14:43,323 INFO spawned: 'flask_app' with pid 31
2026-07-21 06:14:43,336 INFO exited: flask_app (exit status 1; not expected)
2026-07-21 06:14:44,337 INFO gave up: flask_app entered FATAL state, too many start retries too quickly
2026-07-31 14:05:57,967 WARN received SIGTERM indicating exit request
2026-07-31 14:05:57,970 INFO waiting for tracker to die
2026-07-31 14:05:57,972 INFO stopped: tracker (terminated by SIGTERM)
2026-07-31 15:11:14,328 CRIT Supervisor is running as root.  Privileges were not dropped because no user is specified in the config file.  If you intend to run as root, you can set user=root in the config file to avoid this message.
2026-07-31 15:11:14,355 INFO supervisord started with pid 1
2026-07-31 15:11:15,357 INFO spawned: 'flask_app' with pid 27
2026-07-31 15:11:15,359 INFO spawned: 'tracker' with pid 28
2026-07-31 15:11:15,422 INFO exited: flask_app (exit status 1; not expected)
2026-07-31 15:11:16,425 INFO spawned: 'flask_app' with pid 29
2026-07-31 15:11:16,425 INFO success: tracker entered RUNNING state, process has stayed up for > than 1 seconds (startsecs)
2026-07-31 15:11:16,438 INFO exited: flask_app (exit status 1; not expected)
2026-07-31 15:11:18,441 INFO spawned: 'flask_app' with pid 30
2026-07-31 15:11:18,454 INFO exited: flask_app (exit status 1; not expected)
2026-07-31 15:11:21,461 INFO spawned: 'flask_app' with pid 31
2026-07-31 15:11:21,476 INFO exited: flask_app (exit status 1; not expected)
2026-07-31 15:11:22,479 INFO gave up: flask_app entered FATAL state, too many start retries too quickly
2026-08-03 14:01:57,932 WARN received SIGTERM indicating exit request
2026-08-03 14:01:57,933 INFO waiting for tracker to die
2026-08-03 14:01:57,935 INFO stopped: tracker (terminated by SIGTERM)
2026-08-03 14:28:40,060 CRIT Supervisor is running as root.  Privileges were not dropped because no user is specified in the config file.  If you intend to run as root, you can set user=root in the config file to avoid this message.
2026-08-03 14:28:40,061 INFO supervisord started with pid 1
2026-08-03 14:28:41,065 INFO spawned: 'flask_app' with pid 27
2026-08-03 14:28:41,068 INFO spawned: 'tracker' with pid 28
2026-08-03 14:28:41,078 INFO exited: flask_app (exit status 1; not expected)
2026-08-03 14:28:42,095 INFO spawned: 'flask_app' with pid 29
2026-08-03 14:28:42,096 INFO success: tracker entered RUNNING state, process has stayed up for > than 1 seconds (startsecs)
2026-08-03 14:28:42,107 INFO exited: flask_app (exit status 1; not expected)
2026-08-03 14:28:44,113 INFO spawned: 'flask_app' with pid 30
2026-08-03 14:28:44,127 INFO exited: flask_app (exit status 1; not expected)
2026-08-03 14:28:47,134 INFO spawned: 'flask_app' with pid 31
2026-08-03 14:28:47,149 INFO exited: flask_app (exit status 1; not expected)
2026-08-03 14:28:48,150 INFO gave up: flask_app entered FATAL state, too many start retries too quickly
2026-08-03 14:56:52,967 INFO reaped unknown pid 144 (exit status 1)
2026-09-13 01:09:23,374 CRIT Supervisor is running as root.  Privileges were not dropped because no user is specified in the config file.  If you intend to run as root, you can set user=root in the config file to avoid this message.
2026-09-13 01:09:23,377 INFO supervisord started with pid 1
2026-09-13 01:09:24,379 INFO spawned: 'flask_app' with pid 27
2026-09-13 01:09:24,380 INFO spawned: 'tracker' with pid 28
2026-09-13 01:09:24,406 INFO exited: flask_app (exit status 1; not expected)
2026-09-13 01:09:25,443 INFO spawned: 'flask_app' with pid 29
2026-09-13 01:09:25,443 INFO success: tracker entered RUNNING state, process has stayed up for > than 1 seconds (startsecs)
2026-09-13 01:09:25,461 INFO exited: flask_app (exit status 1; not expected)
2026-09-13 01:09:27,467 INFO spawned: 'flask_app' with pid 30
2026-09-13 01:09:27,481 INFO exited: flask_app (exit status 1; not expected)
2026-09-13 01:09:30,485 INFO spawned: 'flask_app' with pid 31
2026-09-13 01:09:30,496 INFO exited: flask_app (exit status 1; not expected)
2026-09-13 01:09:31,498 INFO gave up: flask_app entered FATAL state, too many start retries too quickly
